"","net_size","t","Method","Graph","MC_Rate","mc_se","Dist","dist_se","count"
"1",25,0,"Abar","Graph 1",0.1084,0.00796772383529813,4.00872243259189,0.0809673264322366,200
"2",25,0,"Abar","Graph 2",0.1084,0.00796772383529813,4.00872243259189,0.0809673264322366,200
"3",25,0,"ASE","Graph 1",0.2112,0.00890896448759372,2.5877651797672,0.0563975559994966,200
"4",25,0,"ASE","Graph 2",0.230954773869347,0.00944270146374729,2.49400831513642,0.0602385758480237,200
"5",25,0,"Omni","Graph 1",0.1236,0.00846008660278565,3.60147310660553,0.0718369180673545,200
"6",25,0,"Omni","Graph 2",0.1288,0.00821891432999633,3.56455131258631,0.0667192292602164,200
"7",25,0,"Omnibar","Graph 1",0.1062,0.0081424379937714,3.94804903722553,0.0790724624790518,200
"8",25,0,"Omnibar","Graph 2",0.1062,0.0081424379937714,3.94804903722553,0.0790724624790518,200
"9",25,0.1,"Abar","Graph 1",0.1368,0.00874133023465861,3.56095668134417,0.0659529277677521,200
"10",25,0.1,"Abar","Graph 2",0.1368,0.00874133023465861,3.56095668134417,0.0659529277677521,200
"11",25,0.1,"ASE","Graph 1",0.2328,0.0092438109133087,2.47154822754125,0.0609985278831118,200
"12",25,0.1,"ASE","Graph 2",0.2728,0.00914763335403751,2.04752277422874,0.0567070340133342,200
"13",25,0.1,"Omni","Graph 1",0.1422,0.0083717519764849,3.36113448442096,0.0652007877752622,200
"14",25,0.1,"Omni","Graph 2",0.1834,0.00952870300222032,3.10297998296283,0.0595561479948278,200
"15",25,0.1,"Omnibar","Graph 1",0.1404,0.00847338131767796,3.51225772495937,0.0667616083036102,200
"16",25,0.1,"Omnibar","Graph 2",0.1404,0.00847338131767796,3.51225772495937,0.0667616083036102,200
"17",25,0.2,"Abar","Graph 1",0.143718592964824,0.00840882208869615,3.42567971765088,0.0724265858363941,200
"18",25,0.2,"Abar","Graph 2",0.143718592964824,0.00840882208869615,3.42567971765088,0.0724265858363941,200
"19",25,0.2,"ASE","Graph 1",0.2364,0.00923262730944859,2.58959196088625,0.0592120489097443,200
"20",25,0.2,"ASE","Graph 2",0.290653266331658,0.00805256574234385,1.76030302620724,0.054237885925317,200
"21",25,0.2,"Omni","Graph 1",0.170452261306533,0.00928648863259377,3.3129556003191,0.0677944184848186,200
"22",25,0.2,"Omni","Graph 2",0.202,0.00850066506413841,2.88233061955358,0.060833377192566,200
"23",25,0.2,"Omnibar","Graph 1",0.1528,0.00860879531548518,3.36811651002759,0.0697781629793487,200
"24",25,0.2,"Omnibar","Graph 2",0.1528,0.00860879531548518,3.36811651002759,0.0697781629793487,200
"25",25,0.3,"Abar","Graph 1",0.1836,0.00892713102523473,3.00079625687056,0.0681644125684497,200
"26",25,0.3,"Abar","Graph 2",0.1836,0.00892713102523473,3.00079625687056,0.0681644125684497,200
"27",25,0.3,"ASE","Graph 1",0.219497487437186,0.00924573304361154,2.54866676133518,0.0587289228809599,200
"28",25,0.3,"ASE","Graph 2",0.331,0.0075764114229793,1.38911285720118,0.046737387761955,200
"29",25,0.3,"Omni","Graph 1",0.1804,0.00890368338888166,3.02864204160433,0.064604585585189,200
"30",25,0.3,"Omni","Graph 2",0.2372,0.00904043401813104,2.43418617345223,0.056109247627745,200
"31",25,0.3,"Omnibar","Graph 1",0.1886,0.00880099354829817,2.96733383819942,0.0658092841283256,200
"32",25,0.3,"Omnibar","Graph 2",0.1886,0.00880099354829817,2.96733383819942,0.0658092841283256,200
"33",25,0.4,"Abar","Graph 1",0.2228,0.00923837310831524,2.69652159624502,0.0642772562418261,200
"34",25,0.4,"Abar","Graph 2",0.2228,0.00923837310831524,2.69652159624502,0.0642772562418261,200
"35",25,0.4,"ASE","Graph 1",0.223718592964824,0.00928565778146576,2.52020166954429,0.0588355364204555,200
"36",25,0.4,"ASE","Graph 2",0.364623115577889,0.00693502808116696,1.11173366194377,0.0472948547549953,200
"37",25,0.4,"Omni","Graph 1",0.202,0.00912558940066601,2.8872344841215,0.0684735692417257,200
"38",25,0.4,"Omni","Graph 2",0.2808,0.00867948543040908,2.14354748175289,0.0543702962680239,200
"39",25,0.4,"Omnibar","Graph 1",0.2296,0.00858297953442988,2.69645201298243,0.0655197384376339,200
"40",25,0.4,"Omnibar","Graph 2",0.2296,0.00858297953442988,2.69645201298243,0.0655197384376339,200
"41",25,0.5,"Abar","Graph 1",0.2496,0.00916291410932539,2.38543157700088,0.0602659223254996,200
"42",25,0.5,"Abar","Graph 2",0.2496,0.00916291410932539,2.38543157700088,0.0602659223254996,200
"43",25,0.5,"ASE","Graph 1",0.224848484848485,0.00920073029344007,2.58810294752581,0.0615141822119009,200
"44",25,0.5,"ASE","Graph 2",0.3846,0.00609260198888577,0.946647223299007,0.0349320452056601,200
"45",25,0.5,"Omni","Graph 1",0.2194,0.00941282136397747,2.65710501681917,0.0647212455212665,200
"46",25,0.5,"Omni","Graph 2",0.2948,0.00786473587298129,1.85782024140049,0.0487425860698082,200
"47",25,0.5,"Omnibar","Graph 1",0.251,0.00897091895708981,2.39300093911843,0.060732092157042,200
"48",25,0.5,"Omnibar","Graph 2",0.251,0.00897091895708981,2.39300093911843,0.060732092157042,200
"49",25,0.6,"Abar","Graph 1",0.2856,0.00898928451996623,1.95803021646882,0.0618626600154819,200
"50",25,0.6,"Abar","Graph 2",0.2856,0.00898928451996623,1.95803021646882,0.0618626600154819,200
"51",25,0.6,"ASE","Graph 1",0.231758793969849,0.00916857338587005,2.45128902529267,0.0635400023884437,200
"52",25,0.6,"ASE","Graph 2",0.392562814070352,0.00512518283690643,0.823351280527947,0.0287861849058133,200
"53",25,0.6,"Omni","Graph 1",0.2516,0.00950044696118617,2.31547102031292,0.0692264950993964,200
"54",25,0.6,"Omni","Graph 2",0.348,0.00729011170306848,1.48866613036606,0.0472665255433595,200
"55",25,0.6,"Omnibar","Graph 1",0.2938,0.00875620670032946,1.98731680476813,0.0612637181043079,200
"56",25,0.6,"Omnibar","Graph 2",0.2938,0.00875620670032946,1.98731680476813,0.0612637181043079,200
"57",25,0.7,"Abar","Graph 1",0.2996,0.00874882332360979,1.9356140399229,0.0599836398224999,200
"58",25,0.7,"Abar","Graph 2",0.2996,0.00874882332360979,1.9356140399229,0.0599836398224999,200
"59",25,0.7,"ASE","Graph 1",0.2108,0.00914741361694096,2.57596371944605,0.0605626512471171,200
"60",25,0.7,"ASE","Graph 2",0.4018,0.00521534265364941,0.746315401248284,0.0291795882851792,200
"61",25,0.7,"Omni","Graph 1",0.251,0.00893499697002027,2.31431945429737,0.0664680707795862,200
"62",25,0.7,"Omni","Graph 2",0.3376,0.00784595405128493,1.46438798562431,0.0485151628507017,200
"63",25,0.7,"Omnibar","Graph 1",0.2876,0.00861173676155114,1.97469325159715,0.0602691430057825,200
"64",25,0.7,"Omnibar","Graph 2",0.2876,0.00861173676155114,1.97469325159715,0.0602691430057825,200
"65",25,0.8,"Abar","Graph 1",0.3152,0.00758501564346164,1.70319360344405,0.0534345508730193,200
"66",25,0.8,"Abar","Graph 2",0.3152,0.00758501564346164,1.70319360344405,0.0534345508730193,200
"67",25,0.8,"ASE","Graph 1",0.231557788944724,0.00935740549034754,2.48118945125331,0.053771708706373,200
"68",25,0.8,"ASE","Graph 2",0.4112,0.00460857841149246,0.6994548137972,0.0276766772798264,200
"69",25,0.8,"Omni","Graph 1",0.2728,0.00934330168795596,2.13750021849603,0.0625754293783091,200
"70",25,0.8,"Omni","Graph 2",0.3474,0.00696626472516696,1.2578898304003,0.0413180171137678,200
"71",25,0.8,"Omnibar","Graph 1",0.3144,0.00822321752920737,1.75226738981904,0.0549397477856571,200
"72",25,0.8,"Omnibar","Graph 2",0.3144,0.00822321752920737,1.75226738981904,0.0549397477856571,200
"73",25,0.9,"Abar","Graph 1",0.329,0.00770531370526096,1.45322664139418,0.0507624176243291,200
"74",25,0.9,"Abar","Graph 2",0.329,0.00770531370526096,1.45322664139418,0.0507624176243291,200
"75",25,0.9,"ASE","Graph 1",0.213266331658291,0.00924658944007387,2.5838378640525,0.0591057140050301,200
"76",25,0.9,"ASE","Graph 2",0.42070351758794,0.00437480593375551,0.574602150688601,0.0229473157587262,200
"77",25,0.9,"Omni","Graph 1",0.277587939698492,0.00865798255342059,1.94803635385271,0.0625769294771657,200
"78",25,0.9,"Omni","Graph 2",0.3728,0.00664239467625764,1.05851114824625,0.0395889071109508,200
"79",25,0.9,"Omnibar","Graph 1",0.3202,0.00829359503429995,1.53084837720171,0.0540456611582855,200
"80",25,0.9,"Omnibar","Graph 2",0.3202,0.00829359503429995,1.53084837720171,0.0540456611582855,200
"81",32,0,"Abar","Graph 1",0.0503125,0.00532946964549582,4.61206325548087,0.061256542395854,200
"82",32,0,"Abar","Graph 2",0.0503125,0.00532946964549582,4.61206325548087,0.061256542395854,200
"83",32,0,"ASE","Graph 1",0.17046875,0.00925593757849373,2.98258532614152,0.0572186387790192,200
"84",32,0,"ASE","Graph 2",0.180625,0.00925954875198852,2.91661008595509,0.0555062076018064,200
"85",32,0,"Omni","Graph 1",0.07546875,0.00618400101247558,4.15784245949057,0.0564339910400979,200
"86",32,0,"Omni","Graph 2",0.08875,0.00785225438134468,4.13988347213141,0.0531121804296363,200
"87",32,0,"Omnibar","Graph 1",0.05046875,0.00523136527042901,4.55363106143531,0.0610594122981138,200
"88",32,0,"Omnibar","Graph 2",0.05046875,0.00523136527042901,4.55363106143531,0.0610594122981138,200
"89",32,0.1,"Abar","Graph 1",0.0828125,0.00728596256311447,4.19403314157975,0.0633873208660345,200
"90",32,0.1,"Abar","Graph 2",0.0828125,0.00728596256311447,4.19403314157975,0.0633873208660345,200
"91",32,0.1,"ASE","Graph 1",0.1809375,0.00905437384762818,2.93615668675698,0.0561472202471981,200
"92",32,0.1,"ASE","Graph 2",0.23828125,0.00905667022461759,2.36665052772631,0.0541814409565302,200
"93",32,0.1,"Omni","Graph 1",0.085625,0.0067564876695026,3.93981254754947,0.0580526720402887,200
"94",32,0.1,"Omni","Graph 2",0.12625,0.00849294896727892,3.65140591204668,0.0570304894409078,200
"95",32,0.1,"Omnibar","Graph 1",0.079375,0.00663778159269811,4.14233794660536,0.0630165778243131,200
"96",32,0.1,"Omnibar","Graph 2",0.079375,0.00663778159269811,4.14233794660536,0.0630165778243131,200
"97",32,0.2,"Abar","Graph 1",0.11390625,0.00804200429198774,3.76985630320844,0.0524407279472626,200
"98",32,0.2,"Abar","Graph 2",0.11390625,0.00804200429198774,3.76985630320844,0.0524407279472626,200
"99",32,0.2,"ASE","Graph 1",0.176507537688442,0.00885469150129853,2.85293976089689,0.049622895190751,200
"100",32,0.2,"ASE","Graph 2",0.28953125,0.00823668617682896,1.87611736352761,0.048027543928083,200
"101",32,0.2,"Omni","Graph 1",0.1090625,0.0074860829314826,3.66945858048325,0.0487123419035666,200
"102",32,0.2,"Omni","Graph 2",0.16328125,0.00838712014647726,3.17689984695855,0.0466697767335475,200
"103",32,0.2,"Omnibar","Graph 1",0.106875,0.00761403053942367,3.73331841666657,0.0519947681784897,200
"104",32,0.2,"Omnibar","Graph 2",0.106875,0.00761403053942367,3.73331841666657,0.0519947681784897,200
"105",32,0.3,"Abar","Graph 1",0.144375,0.00840793139253096,3.35315637077835,0.0564251521944079,200
"106",32,0.3,"Abar","Graph 2",0.144375,0.00840793139253096,3.35315637077835,0.0564251521944079,200
"107",32,0.3,"ASE","Graph 1",0.18109375,0.00854610766067963,2.82086178775699,0.0539062134801664,200
"108",32,0.3,"ASE","Graph 2",0.3425,0.00750523268046632,1.41875274233033,0.0461523868883708,200
"109",32,0.3,"Omni","Graph 1",0.13046875,0.00824847441686741,3.42979472462931,0.0591274885259917,200
"110",32,0.3,"Omni","Graph 2",0.21890625,0.00855815779337287,2.72899267435741,0.047932447710947,200
"111",32,0.3,"Omnibar","Graph 1",0.15546875,0.00887882303841138,3.32346073303554,0.0566853214583848,200
"112",32,0.3,"Omnibar","Graph 2",0.15546875,0.00887882303841138,3.32346073303554,0.0566853214583848,200
"113",32,0.4,"Abar","Graph 1",0.1603125,0.00854614354937845,3.04529275162619,0.0600019254362532,200
"114",32,0.4,"Abar","Graph 2",0.1603125,0.00854614354937845,3.04529275162619,0.0600019254362532,200
"115",32,0.4,"ASE","Graph 1",0.18515625,0.00922976250080651,2.85108921187528,0.0554438117734079,200
"116",32,0.4,"ASE","Graph 2",0.35859375,0.00690980760025561,1.13046770408258,0.0419954500675207,200
"117",32,0.4,"Omni","Graph 1",0.146875,0.00882772371736626,3.24450406660237,0.0624375826648672,200
"118",32,0.4,"Omni","Graph 2",0.24609375,0.00915770339794927,2.45440987451917,0.0512277825913107,200
"119",32,0.4,"Omnibar","Graph 1",0.16625,0.00876008930164895,3.06100623397827,0.0616217678436095,200
"120",32,0.4,"Omnibar","Graph 2",0.16625,0.00876008930164895,3.06100623397827,0.0616217678436095,200
"121",32,0.5,"Abar","Graph 1",0.22,0.00920021318985019,2.75921196385172,0.0627146946140069,200
"122",32,0.5,"Abar","Graph 2",0.22,0.00920021318985019,2.75921196385172,0.0627146946140069,200
"123",32,0.5,"ASE","Graph 1",0.19640625,0.00927865459117317,2.88667745005942,0.0556940256515797,200
"124",32,0.5,"ASE","Graph 2",0.3821875,0.00597178346118531,0.982290468609746,0.0375300749502673,200
"125",32,0.5,"Omni","Graph 1",0.1746875,0.00955437177126091,3.07649974951841,0.0644605881758759,200
"126",32,0.5,"Omni","Graph 2",0.281721105527638,0.00813712366095392,2.15333868398085,0.0487502008849867,200
"127",32,0.5,"Omnibar","Graph 1",0.20578125,0.00914520907633812,2.78196117986185,0.0618371182851075,200
"128",32,0.5,"Omnibar","Graph 2",0.20578125,0.00914520907633812,2.78196117986185,0.0618371182851075,200
"129",32,0.6,"Abar","Graph 1",0.25390625,0.00903904297237655,2.34330074085785,0.0562405307470293,200
"130",32,0.6,"Abar","Graph 2",0.25390625,0.00903904297237655,2.34330074085785,0.0562405307470293,200
"131",32,0.6,"ASE","Graph 1",0.184375,0.00844706209520215,2.82794793437697,0.0534494160026498,200
"132",32,0.6,"ASE","Graph 2",0.4103125,0.00509175969609366,0.738581466196332,0.0320277759185016,200
"133",32,0.6,"Omni","Graph 1",0.19734375,0.00907058505878927,2.71190459340005,0.062943698514491,200
"134",32,0.6,"Omni","Graph 2",0.31765625,0.00738307058570858,1.77667775251362,0.0474206098812967,200
"135",32,0.6,"Omnibar","Graph 1",0.2534375,0.00941362958446515,2.36509042804056,0.0597433960948526,200
"136",32,0.6,"Omnibar","Graph 2",0.2534375,0.00941362958446515,2.36509042804056,0.0597433960948526,200
"137",32,0.7,"Abar","Graph 1",0.271875,0.00896562215650795,2.13042133240661,0.0585081462717539,200
"138",32,0.7,"Abar","Graph 2",0.271875,0.00896562215650795,2.13042133240661,0.0585081462717539,200
"139",32,0.7,"ASE","Graph 1",0.16671875,0.00876153868365675,2.9818472654204,0.0587304019477022,200
"140",32,0.7,"ASE","Graph 2",0.41734375,0.0044740311679341,0.691521252045933,0.0245233695875428,200
"141",32,0.7,"Omni","Graph 1",0.20796875,0.009491005219685,2.64369957931854,0.0658657931665897,200
"142",32,0.7,"Omni","Graph 2",0.33015625,0.00774888516002812,1.60532268633069,0.0455806105154352,200
"143",32,0.7,"Omnibar","Graph 1",0.26734375,0.00903839146188518,2.22023351845143,0.0592972969265289,200
"144",32,0.7,"Omnibar","Graph 2",0.26734375,0.00903839146188518,2.22023351845143,0.0592972969265289,200
"145",32,0.8,"Abar","Graph 1",0.28765625,0.00869694493764504,1.92339598739815,0.0469227729878625,200
"146",32,0.8,"Abar","Graph 2",0.28765625,0.00869694493764504,1.92339598739815,0.0469227729878625,200
"147",32,0.8,"ASE","Graph 1",0.170625,0.00850161176708223,2.97083316651926,0.052849865641651,200
"148",32,0.8,"ASE","Graph 2",0.42328125,0.00462981412410979,0.584968386470964,0.0230943829510228,200
"149",32,0.8,"Omni","Graph 1",0.2228125,0.00899652165300652,2.47987298590862,0.0571174684821871,200
"150",32,0.8,"Omni","Graph 2",0.34171875,0.00708908029839364,1.41625328866364,0.0380581523237055,200
"151",32,0.8,"Omnibar","Graph 1",0.27546875,0.00845019140187541,2.02592325106002,0.0500676543762065,200
"152",32,0.8,"Omnibar","Graph 2",0.27546875,0.00845019140187541,2.02592325106002,0.0500676543762065,200
"153",32,0.9,"Abar","Graph 1",0.32890625,0.00774369037963591,1.61560410578598,0.0534007462663157,200
"154",32,0.9,"Abar","Graph 2",0.32890625,0.00774369037963591,1.61560410578598,0.0534007462663157,200
"155",32,0.9,"ASE","Graph 1",0.165,0.00861434689119315,2.93928753348062,0.0558945410077807,200
"156",32,0.9,"ASE","Graph 2",0.42484375,0.0042037176346595,0.530472177717388,0.0209162344480767,200
"157",32,0.9,"Omni","Graph 1",0.2534375,0.00946561629281284,2.20357618012053,0.0649816560622246,200
"158",32,0.9,"Omni","Graph 2",0.36463567839196,0.0068668716166888,1.1890309886407,0.0408739077539872,200
"159",32,0.9,"Omnibar","Graph 1",0.317525125628141,0.00806390667686753,1.730600232274,0.0555475348810385,200
"160",32,0.9,"Omnibar","Graph 2",0.317525125628141,0.00806390667686753,1.730600232274,0.0555475348810385,200
"161",42,0,"Abar","Graph 1",0.0223809523809524,0.00362247164883823,5.19671335439097,0.0549805366596099,200
"162",42,0,"Abar","Graph 2",0.0223809523809524,0.00362247164883823,5.19671335439097,0.0549805366596099,200
"163",42,0,"ASE","Graph 1",0.108809523809524,0.00738311340895089,3.50998914512783,0.0507760314322385,200
"164",42,0,"ASE","Graph 2",0.1325,0.00854069344649473,3.28036703639964,0.0476013633186114,200
"165",42,0,"Omni","Graph 1",0.0330952380952381,0.00413699998254967,4.74246964529987,0.0549783020445466,200
"166",42,0,"Omni","Graph 2",0.0364285714285714,0.0046373701324878,4.62965859062489,0.0484722898814921,200
"167",42,0,"Omnibar","Graph 1",0.0232142857142857,0.0035581931509904,5.15878228456496,0.0546163810486162,200
"168",42,0,"Omnibar","Graph 2",0.0232142857142857,0.0035581931509904,5.15878228456496,0.0546163810486162,200
"169",42,0.1,"Abar","Graph 1",0.0404761904761905,0.00426652800342141,4.80496761490403,0.0571785834283297,200
"170",42,0.1,"Abar","Graph 2",0.0404761904761905,0.00426652800342141,4.80496761490403,0.0571785834283297,200
"171",42,0.1,"ASE","Graph 1",0.11547619047619,0.00762276694932482,3.39290972015334,0.0475564374472878,200
"172",42,0.1,"ASE","Graph 2",0.202619047619048,0.00917491773981163,2.70791543448467,0.052310207634151,200
"173",42,0.1,"Omni","Graph 1",0.0432142857142857,0.00449439277614179,4.53377946243228,0.0530980702074862,200
"174",42,0.1,"Omni","Graph 2",0.0697619047619048,0.00588683702974635,4.14269768477441,0.0512566063401295,200
"175",42,0.1,"Omnibar","Graph 1",0.0489285714285714,0.00572662955464477,4.76730023912689,0.0562736046538276,200
"176",42,0.1,"Omnibar","Graph 2",0.0489285714285714,0.00572662955464477,4.76730023912689,0.0562736046538276,200
"177",42,0.2,"Abar","Graph 1",0.0488095238095238,0.00499760651015486,4.49268897018645,0.0513194243333718,200
"178",42,0.2,"Abar","Graph 2",0.0488095238095238,0.00499760651015486,4.49268897018645,0.0513194243333718,200
"179",42,0.2,"ASE","Graph 1",0.116190476190476,0.00788690730155679,3.42681202308096,0.0501569304691379,200
"180",42,0.2,"ASE","Graph 2",0.263333333333333,0.00897186202948275,2.15356073677795,0.0530203455333925,200
"181",42,0.2,"Omni","Graph 1",0.0552380952380952,0.00487061833908672,4.37511800283601,0.0497672342256911,200
"182",42,0.2,"Omni","Graph 2",0.106190476190476,0.00780207595173667,3.77968908178644,0.0451017880577863,200
"183",42,0.2,"Omnibar","Graph 1",0.0473809523809524,0.00449411546407034,4.45799013087087,0.0515151472328777,200
"184",42,0.2,"Omnibar","Graph 2",0.0473809523809524,0.00449411546407034,4.45799013087087,0.0515151472328777,200
"185",42,0.3,"Abar","Graph 1",0.0760714285714286,0.00561992740343438,4.00970680320804,0.0532851664321613,200
"186",42,0.3,"Abar","Graph 2",0.0760714285714286,0.00561992740343438,4.00970680320804,0.0532851664321613,200
"187",42,0.3,"ASE","Graph 1",0.11797619047619,0.00748425859763211,3.40929017895093,0.0493633509835797,200
"188",42,0.3,"ASE","Graph 2",0.319761904761905,0.00717371892317596,1.53559611596996,0.043285606589319,200
"189",42,0.3,"Omni","Graph 1",0.075952380952381,0.00717546596693623,4.09651844656097,0.0541068391321241,200
"190",42,0.3,"Omni","Graph 2",0.149404761904762,0.00792721748246655,3.24297344003112,0.0449538403365543,200
"191",42,0.3,"Omnibar","Graph 1",0.0909523809523809,0.00719404170357467,3.99249271726095,0.0544772238168153,200
"192",42,0.3,"Omnibar","Graph 2",0.0909523809523809,0.00719404170357467,3.99249271726095,0.0544772238168153,200
"193",42,0.4,"Abar","Graph 1",0.131309523809524,0.00852132584219535,3.54949626419427,0.0465690926329272,200
"194",42,0.4,"Abar","Graph 2",0.131309523809524,0.00852132584219535,3.54949626419427,0.0465690926329272,200
"195",42,0.4,"ASE","Graph 1",0.123571428571429,0.00755640601539858,3.28087444451694,0.0446528447457078,200
"196",42,0.4,"ASE","Graph 2",0.357619047619048,0.00631512548928512,1.22777689166502,0.04102253625472,200
"197",42,0.4,"Omni","Graph 1",0.0878571428571428,0.00668848768753808,3.78056268134249,0.0481767081042423,200
"198",42,0.4,"Omni","Graph 2",0.206904761904762,0.00805281099378382,2.82991083312902,0.0377624744460734,200
"199",42,0.4,"Omnibar","Graph 1",0.127857142857143,0.00770742814086436,3.55754878627163,0.0462158790718563,200
"200",42,0.4,"Omnibar","Graph 2",0.127857142857143,0.00770742814086436,3.55754878627163,0.0462158790718563,200
"201",42,0.5,"Abar","Graph 1",0.149404761904762,0.00804493170007464,3.21245041763054,0.0507183195970402,200
"202",42,0.5,"Abar","Graph 2",0.149404761904762,0.00804493170007464,3.21245041763054,0.0507183195970402,200
"203",42,0.5,"ASE","Graph 1",0.110119047619048,0.0068630642240157,3.3691894375653,0.0474233382026586,200
"204",42,0.5,"ASE","Graph 2",0.381670256042115,0.00552172120273498,0.956719303517315,0.0340608946994061,200
"205",42,0.5,"Omni","Graph 1",0.0990476190476191,0.00692505126066196,3.59242808306152,0.0516912242026653,200
"206",42,0.5,"Omni","Graph 2",0.229523809523809,0.00791841280870644,2.49380996447965,0.0402851531069177,200
"207",42,0.5,"Omnibar","Graph 1",0.143452380952381,0.00762778703577063,3.26227332046925,0.050178509555055,200
"208",42,0.5,"Omnibar","Graph 2",0.143452380952381,0.00762778703577063,3.26227332046925,0.050178509555055,200
"209",42,0.6,"Abar","Graph 1",0.181666666666667,0.00823975766353382,2.86088551207383,0.0493165144198955,200
"210",42,0.6,"Abar","Graph 2",0.181666666666667,0.00823975766353382,2.86088551207383,0.0493165144198955,200
"211",42,0.6,"ASE","Graph 1",0.107142857142857,0.0066748659113355,3.36755961331572,0.0470030764493137,200
"212",42,0.6,"ASE","Graph 2",0.408809523809524,0.00453236555653119,0.75288935088377,0.0275836985898188,200
"213",42,0.6,"Omni","Graph 1",0.129404761904762,0.00839604391173282,3.36124367912532,0.0542421502001039,200
"214",42,0.6,"Omni","Graph 2",0.256428571428571,0.00738735644491644,2.18580960896103,0.0386748800568655,200
"215",42,0.6,"Omnibar","Graph 1",0.176071428571429,0.00828215147715998,2.94838225436637,0.0505280873368231,200
"216",42,0.6,"Omnibar","Graph 2",0.176071428571429,0.00828215147715998,2.94838225436637,0.0505280873368231,200
"217",42,0.7,"Abar","Graph 1",0.251785714285714,0.00827964020442853,2.36127659162658,0.0513740011040386,200
"218",42,0.7,"Abar","Graph 2",0.251785714285714,0.00827964020442853,2.36127659162658,0.0513740011040386,200
"219",42,0.7,"ASE","Graph 1",0.115238095238095,0.00816007982606832,3.37330716711888,0.051024811661273,200
"220",42,0.7,"ASE","Graph 2",0.424285714285714,0.00387006217485611,0.567677252018177,0.0216433821144435,200
"221",42,0.7,"Omni","Graph 1",0.170595238095238,0.00923185165453507,3.01974063057276,0.0613466927069567,200
"222",42,0.7,"Omni","Graph 2",0.312634601579325,0.00755448063160994,1.77781961394725,0.0381348757280146,200
"223",42,0.7,"Omnibar","Graph 1",0.249285714285714,0.00876185989459678,2.51858542358853,0.052772761520468,200
"224",42,0.7,"Omnibar","Graph 2",0.249285714285714,0.00876185989459678,2.51858542358853,0.052772761520468,200
"225",42,0.8,"Abar","Graph 1",0.2675,0.00845083046960331,2.14476582037382,0.0507912559662585,200
"226",42,0.8,"Abar","Graph 2",0.2675,0.00845083046960331,2.14476582037382,0.0507912559662585,200
"227",42,0.8,"ASE","Graph 1",0.129047619047619,0.0080933376145642,3.35272646306534,0.0489758254756302,200
"228",42,0.8,"ASE","Graph 2",0.430119047619048,0.003701959763496,0.530907220510803,0.0205538253760225,200
"229",42,0.8,"Omni","Graph 1",0.180714285714286,0.00886734611596031,2.9095289055405,0.0568063003323935,200
"230",42,0.8,"Omni","Graph 2",0.337142857142857,0.00725845676992619,1.59249776497359,0.0368385280491906,200
"231",42,0.8,"Omnibar","Graph 1",0.257358219669777,0.00882859994625079,2.33531611868568,0.0492777214601966,200
"232",42,0.8,"Omnibar","Graph 2",0.257358219669777,0.00882859994625079,2.33531611868568,0.0492777214601966,200
"233",42,0.9,"Abar","Graph 1",0.299880952380952,0.00810518634116145,1.84672529481955,0.0517460027181726,200
"234",42,0.9,"Abar","Graph 2",0.299880952380952,0.00810518634116145,1.84672529481955,0.0517460027181726,200
"235",42,0.9,"ASE","Graph 1",0.118571428571429,0.00723392532369726,3.40062400254536,0.0490044003119223,200
"236",42,0.9,"ASE","Graph 2",0.434761904761905,0.00378627146326946,0.442696800940337,0.0186726957515758,200
"237",42,0.9,"Omni","Graph 1",0.206269442450347,0.00919063242945593,2.66077946579937,0.0624913371519125,200
"238",42,0.9,"Omni","Graph 2",0.355228523570232,0.00660851428967403,1.34830218129211,0.0367891285824615,200
"239",42,0.9,"Omnibar","Graph 1",0.278928571428571,0.00841942251230424,2.05263890466966,0.0519000673559417,200
"240",42,0.9,"Omnibar","Graph 2",0.278928571428571,0.00841942251230424,2.05263890466966,0.0519000673559417,200
"241",54,0,"Abar","Graph 1",0.00861111111111111,0.00214454756102758,5.85872168579483,0.0554650966657805,200
"242",54,0,"Abar","Graph 2",0.00861111111111111,0.00214454756102758,5.85872168579483,0.0554650966657805,200
"243",54,0,"ASE","Graph 1",0.0616666666666667,0.005468185115021,3.91615024877786,0.0398271094766889,200
"244",54,0,"ASE","Graph 2",0.0549074074074074,0.00485249451248598,3.95454008714118,0.0446294735732493,200
"245",54,0,"Omni","Graph 1",0.0160185185185185,0.00256464927058658,5.30098505019451,0.0505053428023599,200
"246",54,0,"Omni","Graph 2",0.012962962962963,0.00281245799439236,5.30315622893615,0.0505736986051846,200
"247",54,0,"Omnibar","Graph 1",0.0101851851851852,0.00264102876071381,5.81936486747402,0.0550873325007281,200
"248",54,0,"Omnibar","Graph 2",0.0101851851851852,0.00264102876071381,5.81936486747402,0.0550873325007281,200
"249",54,0.1,"Abar","Graph 1",0.0107407407407407,0.00232751957410471,5.48075512303488,0.050083378506214,200
"250",54,0.1,"Abar","Graph 2",0.0107407407407407,0.00232751957410471,5.48075512303488,0.050083378506214,200
"251",54,0.1,"ASE","Graph 1",0.0611111111111111,0.00565699316282328,3.98507108995369,0.0420232683629201,200
"252",54,0.1,"ASE","Graph 2",0.127592592592593,0.00671784592362986,3.18546133067009,0.0427966218183484,200
"253",54,0.1,"Omni","Graph 1",0.0187962962962963,0.00340675771041665,5.15550233776637,0.0474009809619986,200
"254",54,0.1,"Omni","Graph 2",0.0297222222222222,0.00343802722881732,4.76130298964197,0.0416908584750443,200
"255",54,0.1,"Omnibar","Graph 1",0.0138888888888889,0.00309748930004282,5.45634756283006,0.0497209239276607,200
"256",54,0.1,"Omnibar","Graph 2",0.0138888888888889,0.00309748930004282,5.45634756283006,0.0497209239276607,200
"257",54,0.2,"Abar","Graph 1",0.0277777777777778,0.0039491532897562,5.03052139682706,0.0482713620696407,200
"258",54,0.2,"Abar","Graph 2",0.0277777777777778,0.0039491532897562,5.03052139682706,0.0482713620696407,200
"259",54,0.2,"ASE","Graph 1",0.0618518518518519,0.00571071861303148,3.98416905211731,0.0474150556641112,200
"260",54,0.2,"ASE","Graph 2",0.22,0.00868651061321975,2.52644152194054,0.0479631906701949,200
"261",54,0.2,"Omni","Graph 1",0.0243518518518518,0.00367937641402629,4.95599464233393,0.0459876948482176,200
"262",54,0.2,"Omni","Graph 2",0.050462962962963,0.00442442584342318,4.2183645586077,0.0414402814982185,200
"263",54,0.2,"Omnibar","Graph 1",0.0232407407407407,0.00312310768095005,5.02867231782431,0.0486412444031149,200
"264",54,0.2,"Omnibar","Graph 2",0.0232407407407407,0.00312310768095005,5.02867231782431,0.0486412444031149,200
"265",54,0.3,"Abar","Graph 1",0.0414814814814815,0.00462495576469165,4.59111852544999,0.0464700893673708,200
"266",54,0.3,"Abar","Graph 2",0.0414814814814815,0.00462495576469165,4.59111852544999,0.0464700893673708,200
"267",54,0.3,"ASE","Graph 1",0.0649074074074074,0.00577755691021768,3.8952272360412,0.0423784920934032,200
"268",54,0.3,"ASE","Graph 2",0.283148148148148,0.00789567700934441,1.91847746435509,0.0446159482811656,200
"269",54,0.3,"Omni","Graph 1",0.0285185185185185,0.00370333145346871,4.67828354667845,0.0446066746781319,200
"270",54,0.3,"Omni","Graph 2",0.0912037037037037,0.00672444498958852,3.7360314296654,0.0383407328923916,200
"271",54,0.3,"Omnibar","Graph 1",0.0362962962962963,0.00353427857353202,4.59506763099186,0.0465711301606382,200
"272",54,0.3,"Omnibar","Graph 2",0.0362962962962963,0.00353427857353202,4.59506763099186,0.0465711301606382,200
"273",54,0.4,"Abar","Graph 1",0.0655555555555555,0.00661971388930101,4.18496957459856,0.046434796496418,200
"274",54,0.4,"Abar","Graph 2",0.0655555555555555,0.00661971388930101,4.18496957459856,0.046434796496418,200
"275",54,0.4,"ASE","Graph 1",0.0650925925925926,0.00549940214111241,3.92427971414221,0.0432501828750967,200
"276",54,0.4,"ASE","Graph 2",0.355760282895961,0.00694717846068382,1.3362566226352,0.0460951930367472,200
"277",54,0.4,"Omni","Graph 1",0.0319444444444444,0.00310079087999332,4.46550916305905,0.045864319258776,200
"278",54,0.4,"Omni","Graph 2",0.124722222222222,0.00752681248359417,3.32146751463265,0.0383850262686619,200
"279",54,0.4,"Omnibar","Graph 1",0.0512037037037037,0.00537259607831673,4.22978901907439,0.0463634339217577,200
"280",54,0.4,"Omnibar","Graph 2",0.0512037037037037,0.00537259607831673,4.22978901907439,0.0463634339217577,200
"281",54,0.5,"Abar","Graph 1",0.0985185185185185,0.00684990238915874,3.6549776010722,0.0411736787498482,200
"282",54,0.5,"Abar","Graph 2",0.0985185185185185,0.00684990238915874,3.6549776010722,0.0411736787498482,200
"283",54,0.5,"ASE","Graph 1",0.0660185185185185,0.005368745622776,3.88163961950141,0.0402258798255174,200
"284",54,0.5,"ASE","Graph 2",0.395309882747069,0.00569341621180072,0.958527833135093,0.0354187465800703,200
"285",54,0.5,"Omni","Graph 1",0.0694444444444444,0.00638774579307723,4.12801979842644,0.0459650434903381,200
"286",54,0.5,"Omni","Graph 2",0.18787037037037,0.00796608682271161,2.82324855743541,0.0323194431230691,200
"287",54,0.5,"Omnibar","Graph 1",0.0962962962962963,0.00694514234349092,3.72435493047444,0.0410847087496507,200
"288",54,0.5,"Omnibar","Graph 2",0.0962962962962963,0.00694514234349092,3.72435493047444,0.0410847087496507,200
"289",54,0.6,"Abar","Graph 1",0.125833333333333,0.00789754016658593,3.39104653480424,0.0456248570574316,200
"290",54,0.6,"Abar","Graph 2",0.125833333333333,0.00789754016658593,3.39104653480424,0.0456248570574316,200
"291",54,0.6,"ASE","Graph 1",0.0635185185185185,0.00563182034916768,3.95028715512103,0.044352096402152,200
"292",54,0.6,"ASE","Graph 2",0.421111111111111,0.0041683258685416,0.675297604579191,0.0268458433858008,200
"293",54,0.6,"Omni","Graph 1",0.0641666666666666,0.00599691896431907,4.02347561957298,0.0471115548845018,200
"294",54,0.6,"Omni","Graph 2",0.215185185185185,0.00805018689389349,2.56001228859708,0.0365183242263342,200
"295",54,0.6,"Omnibar","Graph 1",0.106296296296296,0.00702316263283485,3.5223281607729,0.046049805807194,200
"296",54,0.6,"Omnibar","Graph 2",0.106296296296296,0.00702316263283485,3.5223281607729,0.046049805807194,200
"297",54,0.7,"Abar","Graph 1",0.163055555555556,0.00800310122059613,3.00802467687022,0.0418095099760304,200
"298",54,0.7,"Abar","Graph 2",0.163055555555556,0.00800310122059613,3.00802467687022,0.0418095099760304,200
"299",54,0.7,"ASE","Graph 1",0.0631481481481481,0.00544304143192394,3.92439888279005,0.0411600152183082,200
"300",54,0.7,"ASE","Graph 2",0.426851851851852,0.00424109446784976,0.569257332674495,0.0229642979679941,200
"301",54,0.7,"Omni","Graph 1",0.0867592592592593,0.00729792710694731,3.79342341960519,0.0460287400233251,200
"302",54,0.7,"Omni","Graph 2",0.245833333333333,0.00739569320817046,2.22623722133466,0.0313769070642204,200
"303",54,0.7,"Omnibar","Graph 1",0.148703703703704,0.00785883642654887,3.18246822429169,0.0421485854308274,200
"304",54,0.7,"Omnibar","Graph 2",0.148703703703704,0.00785883642654887,3.18246822429169,0.0421485854308274,200
"305",54,0.8,"Abar","Graph 1",0.226851851851852,0.00928319073723048,2.5501267742282,0.0515364014713402,200
"306",54,0.8,"Abar","Graph 2",0.226851851851852,0.00928319073723048,2.5501267742282,0.0515364014713402,200
"307",54,0.8,"ASE","Graph 1",0.0588888888888889,0.00520939020854583,3.96585763236447,0.0433620247318537,200
"308",54,0.8,"ASE","Graph 2",0.4375,0.00329871569753319,0.482235772723763,0.0183108103752384,200
"309",54,0.8,"Omni","Graph 1",0.107685185185185,0.0079158265162073,3.48042439108273,0.0565914446621778,200
"310",54,0.8,"Omni","Graph 2",0.288981481481481,0.00742703696784574,1.8646513843586,0.0367849163483182,200
"311",54,0.8,"Omnibar","Graph 1",0.196111111111111,0.00878478141768635,2.79222829207888,0.0516336942470306,200
"312",54,0.8,"Omnibar","Graph 2",0.196111111111111,0.00878478141768635,2.79222829207888,0.0516336942470306,200
"313",54,0.9,"Abar","Graph 1",0.272222222222222,0.00853787683806934,2.13893490650185,0.0454227373848818,200
"314",54,0.9,"Abar","Graph 2",0.272222222222222,0.00853787683806934,2.13893490650185,0.0454227373848818,200
"315",54,0.9,"ASE","Graph 1",0.067037037037037,0.00658672629041952,3.93289871744496,0.0421278741060823,200
"316",54,0.9,"ASE","Graph 2",0.44287037037037,0.00305273431729242,0.379586384788604,0.0138913409152201,200
"317",54,0.9,"Omni","Graph 1",0.144907407407407,0.00879188718633455,3.22377311170066,0.0543755306930183,200
"318",54,0.9,"Omni","Graph 2",0.33287037037037,0.00652347077990397,1.57553093094817,0.030576962195922,200
"319",54,0.9,"Omnibar","Graph 1",0.230648148148148,0.00889745142139512,2.47985793206137,0.0453328529319042,200
"320",54,0.9,"Omnibar","Graph 2",0.230648148148148,0.00889745142139512,2.47985793206137,0.0453328529319042,200
"321",70,0,"Abar","Graph 1",0.00164285714285714,0.00136309948316512,6.91196595713544,0.0491692110055824,200
"322",70,0,"Abar","Graph 2",0.00164285714285714,0.00136309948316512,6.91196595713544,0.0491692110055824,200
"323",70,0,"ASE","Graph 1",0.0202857142857143,0.00307056449556151,4.63345844425788,0.0407476465113428,200
"324",70,0,"ASE","Graph 2",0.0205714285714286,0.00337034793539479,4.69076187532404,0.0391741202492854,200
"325",70,0,"Omni","Graph 1",0.0015,0.000356568094578262,6.18969319630815,0.0432447022556385,200
"326",70,0,"Omni","Graph 2",0.00385714285714286,0.00178218603342571,6.23773814348836,0.0439207101524672,200
"327",70,0,"Omnibar","Graph 1",0.00378571428571429,0.00194919972060723,6.88162093667448,0.0490745099855012,200
"328",70,0,"Omnibar","Graph 2",0.00378571428571429,0.00194919972060723,6.88162093667448,0.0490745099855012,200
"329",70,0.1,"Abar","Graph 1",0.00192857142857143,0.000471498178419707,6.32930576823941,0.0490720021222787,200
"330",70,0.1,"Abar","Graph 2",0.00192857142857143,0.000471498178419707,6.32930576823941,0.0490720021222787,200
"331",70,0.1,"ASE","Graph 1",0.0250714285714286,0.00339136533493389,4.54313275088555,0.0397339000932942,200
"332",70,0.1,"ASE","Graph 2",0.0663571428571429,0.00537859786022874,3.79842054157743,0.0364509786267839,200
"333",70,0.1,"Omni","Graph 1",0.00628571428571429,0.00173237642832807,5.8789696519588,0.0435183669341427,200
"334",70,0.1,"Omni","Graph 2",0.0137857142857143,0.00280347569120627,5.47652828683371,0.0430967663231303,200
"335",70,0.1,"Omnibar","Graph 1",0.00714285714285714,0.00281191773448354,6.29008020190382,0.0489067166252083,200
"336",70,0.1,"Omnibar","Graph 2",0.00714285714285714,0.00281191773448354,6.29008020190382,0.0489067166252083,200
"337",70,0.2,"Abar","Graph 1",0.00578571428571429,0.00158218436128411,5.72369284660997,0.0444054394692665,200
"338",70,0.2,"Abar","Graph 2",0.00578571428571429,0.00158218436128411,5.72369284660997,0.0444054394692665,200
"339",70,0.2,"ASE","Graph 1",0.0267142857142857,0.00363202011219305,4.52383631651575,0.0398112992997288,200
"340",70,0.2,"ASE","Graph 2",0.149428571428571,0.00774678750479492,3.02778713870999,0.0370665917193932,200
"341",70,0.2,"Omni","Graph 1",0.00457142857142857,0.00073557644775457,5.57794923490273,0.0422256045798378,200
"342",70,0.2,"Omni","Graph 2",0.0277857142857143,0.00383111515607985,4.80431324856599,0.0388827782486038,200
"343",70,0.2,"Omnibar","Graph 1",0.00678571428571429,0.0020022997238641,5.7019856352077,0.0442480789159368,200
"344",70,0.2,"Omnibar","Graph 2",0.00678571428571429,0.0020022997238641,5.7019856352077,0.0442480789159368,200
"345",70,0.3,"Abar","Graph 1",0.0115,0.00259512393522062,5.34680311784044,0.0439763523032812,200
"346",70,0.3,"Abar","Graph 2",0.0115,0.00259512393522062,5.34680311784044,0.0439763523032812,200
"347",70,0.3,"ASE","Graph 1",0.0246428571428572,0.00344304420232163,4.56195834514301,0.0371928228023027,200
"348",70,0.3,"ASE","Graph 2",0.225071428571429,0.00862301864896796,2.36412274158932,0.0481754216006942,200
"349",70,0.3,"Omni","Graph 1",0.00957142857142858,0.00199247378899081,5.39754597297097,0.03955362054341,200
"350",70,0.3,"Omni","Graph 2",0.0341428571428571,0.00342939389512927,4.37689839298882,0.0391909404204753,200
"351",70,0.3,"Omnibar","Graph 1",0.0103571428571429,0.00233783341590126,5.3596134288301,0.0440403809097522,200
"352",70,0.3,"Omnibar","Graph 2",0.0103571428571429,0.00233783341590126,5.3596134288301,0.0440403809097522,200
"353",70,0.4,"Abar","Graph 1",0.0234285714285714,0.00278450375892516,4.75639752845124,0.042184269430052,200
"354",70,0.4,"Abar","Graph 2",0.0234285714285714,0.00278450375892516,4.75639752845124,0.042184269430052,200
"355",70,0.4,"ASE","Graph 1",0.0247857142857143,0.00266103255274037,4.57251717979067,0.0403172699496279,200
"356",70,0.4,"ASE","Graph 2",0.314429289303661,0.00699264120500554,1.61687631047024,0.0419311667280079,200
"357",70,0.4,"Omni","Graph 1",0.0172142857142857,0.0037116030678949,5.13410754330431,0.0454546134487163,200
"358",70,0.4,"Omni","Graph 2",0.0685714285714286,0.00494457020221862,3.74911037887082,0.0332294437620353,200
"359",70,0.4,"Omnibar","Graph 1",0.0237142857142857,0.00298431959924089,4.82687243085118,0.042565579945237,200
"360",70,0.4,"Omnibar","Graph 2",0.0237142857142857,0.00298431959924089,4.82687243085118,0.042565579945237,200
"361",70,0.5,"Abar","Graph 1",0.0438571428571429,0.00502124498913351,4.37479769995519,0.0390668976894566,200
"362",70,0.5,"Abar","Graph 2",0.0438571428571429,0.00502124498913351,4.37479769995519,0.0390668976894566,200
"363",70,0.5,"ASE","Graph 1",0.0216428571428572,0.00340416278612428,4.62795981551687,0.0396773647299391,200
"364",70,0.5,"ASE","Graph 2",0.387428571428571,0.0056325453046161,1.0839618198852,0.0363265715276654,200
"365",70,0.5,"Omni","Graph 1",0.0184285714285714,0.00320814201080967,4.97353511637165,0.0404042980203241,200
"366",70,0.5,"Omni","Graph 2",0.125571428571429,0.00759960353909265,3.3594051982558,0.0328412752378625,200
"367",70,0.5,"Omnibar","Graph 1",0.0411428571428571,0.00523820835658493,4.49039599631228,0.0392839494189088,200
"368",70,0.5,"Omnibar","Graph 2",0.0411428571428571,0.00523820835658493,4.49039599631228,0.0392839494189088,200
"369",70,0.6,"Abar","Graph 1",0.0667857142857143,0.00532498122856848,3.89545614024434,0.042485878132294,200
"370",70,0.6,"Abar","Graph 2",0.0667857142857143,0.00532498122856848,3.89545614024434,0.042485878132294,200
"371",70,0.6,"ASE","Graph 1",0.0266428571428572,0.00358708342111012,4.58188712156157,0.0441273486654792,200
"372",70,0.6,"ASE","Graph 2",0.401785714285714,0.00464064777074602,0.717857108705887,0.0272952008197525,200
"373",70,0.6,"Omni","Graph 1",0.0224285714285714,0.00249398825943737,4.70378308085326,0.045610269873275,200
"374",70,0.6,"Omni","Graph 2",0.1685,0.00757169099763286,2.89589600634455,0.0316376262099863,200
"375",70,0.6,"Omnibar","Graph 1",0.0630714285714286,0.0057028578298017,4.06802711071263,0.041945762208878,200
"376",70,0.6,"Omnibar","Graph 2",0.0630714285714286,0.0057028578298017,4.06802711071263,0.041945762208878,200
"377",70,0.7,"Abar","Graph 1",0.114285714285714,0.00713495614706866,3.50284278031958,0.0358724092395661,200
"378",70,0.7,"Abar","Graph 2",0.114285714285714,0.00713495614706866,3.50284278031958,0.0358724092395661,200
"379",70,0.7,"ASE","Graph 1",0.0215714285714286,0.00243042874799638,4.54170687979285,0.0395147335049579,200
"380",70,0.7,"ASE","Graph 2",0.438071428571429,0.00348646606111741,0.528902632423508,0.0220530933262145,200
"381",70,0.7,"Omni","Graph 1",0.0339285714285714,0.00424174320254888,4.48213718951327,0.040955721123701,200
"382",70,0.7,"Omni","Graph 2",0.239785714285714,0.0085569856182829,2.56197170808243,0.0263920279186018,200
"383",70,0.7,"Omnibar","Graph 1",0.0832142857142857,0.00580459638086087,3.75110297969764,0.0354515290265839,200
"384",70,0.7,"Omnibar","Graph 2",0.0832142857142857,0.00580459638086087,3.75110297969764,0.0354515290265839,200
"385",70,0.8,"Abar","Graph 1",0.144357142857143,0.00748731364741752,3.11518760909976,0.03803548302922,200
"386",70,0.8,"Abar","Graph 2",0.144357142857143,0.00748731364741752,3.11518760909976,0.03803548302922,200
"387",70,0.8,"ASE","Graph 1",0.0197142857142857,0.00258891715821446,4.56970220087237,0.0380195082023182,200
"388",70,0.8,"ASE","Graph 2",0.447571428571429,0.00321216728467749,0.395370638403914,0.0166437874095998,200
"389",70,0.8,"Omni","Graph 1",0.0442142857142857,0.00543615812853537,4.28336336607017,0.0410477425448615,200
"390",70,0.8,"Omni","Graph 2",0.258219669777459,0.00761967981235864,2.25467126616145,0.0264984519765503,200
"391",70,0.8,"Omnibar","Graph 1",0.1105,0.00703834342195097,3.44902387765129,0.0363529851923104,200
"392",70,0.8,"Omnibar","Graph 2",0.1105,0.00703834342195097,3.44902387765129,0.0363529851923104,200
"393",70,0.9,"Abar","Graph 1",0.211214285714286,0.0078670090766518,2.67201592727954,0.0356768573574326,200
"394",70,0.9,"Abar","Graph 2",0.211214285714286,0.0078670090766518,2.67201592727954,0.0356768573574326,200
"395",70,0.9,"ASE","Graph 1",0.0192857142857143,0.00294159118011078,4.59631517278927,0.0349915544584034,200
"396",70,0.9,"ASE","Graph 2",0.443642857142857,0.00289493579658196,0.354789677260082,0.0135999474286077,200
"397",70,0.9,"Omni","Graph 1",0.0519285714285714,0.00479310162604767,4.04740563649195,0.04165639596355,200
"398",70,0.9,"Omni","Graph 2",0.307394113424264,0.00689381444511265,1.91834624515481,0.0234755819137523,200
"399",70,0.9,"Omnibar","Graph 1",0.148214285714286,0.00740954926882478,3.10831923758686,0.0346824776408384,200
"400",70,0.9,"Omnibar","Graph 2",0.148214285714286,0.00740954926882478,3.10831923758686,0.0346824776408384,200
"401",90,0,"Abar","Graph 1",0.000111111111111111,7.83697659315884e-05,7.78912300867895,0.0505270250631082,200
"402",90,0,"Abar","Graph 2",0.000111111111111111,7.83697659315884e-05,7.78912300867895,0.0505270250631082,200
"403",90,0,"ASE","Graph 1",0.00938888888888888,0.00203434969853978,5.26935065054592,0.0343663709590179,200
"404",90,0,"ASE","Graph 2",0.00688888888888888,0.000741224483772212,5.20305338540961,0.0385823574120711,200
"405",90,0,"Omni","Graph 1",0.000666666666666666,0.000202962120685495,7.00899411528994,0.0443390445520918,200
"406",90,0,"Omni","Graph 2",0.00188888888888889,0.00139595633446128,6.93172059262842,0.0423037471043249,200
"407",90,0,"Omnibar","Graph 1",5.55555555555555e-05,5.55555555555555e-05,7.75696679091815,0.0495898884233745,200
"408",90,0,"Omnibar","Graph 2",5.55555555555555e-05,5.55555555555555e-05,7.75696679091815,0.0495898884233745,200
"409",90,0.1,"Abar","Graph 1",0.00133333333333333,0.00101039942802665,7.11979661217519,0.0460040047519236,200
"410",90,0.1,"Abar","Graph 2",0.00133333333333333,0.00101039942802665,7.11979661217519,0.0460040047519236,200
"411",90,0.1,"ASE","Graph 1",0.00516666666666666,0.000556266992824186,5.21834881273083,0.0357154632207016,200
"412",90,0.1,"ASE","Graph 2",0.0276111111111111,0.00260873408322266,4.39406576030426,0.0365050618806331,200
"413",90,0.1,"Omni","Graph 1",0.00144444444444444,0.00106349682550521,6.65263297835155,0.0432631183999159,200
"414",90,0.1,"Omni","Graph 2",0.00266666666666667,0.000987671381452006,6.16980674542961,0.0406065063552654,200
"415",90,0.1,"Omnibar","Graph 1",0.0015,0.00101382435183111,7.09024409918076,0.0458001490190256,200
"416",90,0.1,"Omnibar","Graph 2",0.0015,0.00101382435183111,7.09024409918076,0.0458001490190256,200
"417",90,0.2,"Abar","Graph 1",0.00205555555555556,0.000918806615061428,6.54669910113525,0.0414371326543406,200
"418",90,0.2,"Abar","Graph 2",0.00205555555555556,0.000918806615061428,6.54669910113525,0.0414371326543406,200
"419",90,0.2,"ASE","Graph 1",0.00588888888888888,0.000644282695964762,5.23333438938224,0.0365886446128664,200
"420",90,0.2,"ASE","Graph 2",0.0691111111111111,0.00475803251136874,3.65424168426233,0.0335013229924603,200
"421",90,0.2,"Omni","Graph 1",0.00244444444444444,0.000961960279135221,6.41022699794412,0.041237042040465,200
"422",90,0.2,"Omni","Graph 2",0.00633333333333333,0.00110132485399266,5.48750309510915,0.0353197356501652,200
"423",90,0.2,"Omnibar","Graph 1",0.00122222222222222,0.000258726953473878,6.54407364151486,0.041913186321224,200
"424",90,0.2,"Omnibar","Graph 2",0.00122222222222222,0.000258726953473878,6.54407364151486,0.041913186321224,200
"425",90,0.3,"Abar","Graph 1",0.00216666666666666,0.000358335551566678,6.04788493334356,0.0439350808092621,200
"426",90,0.3,"Abar","Graph 2",0.00216666666666666,0.000358335551566678,6.04788493334356,0.0439350808092621,200
"427",90,0.3,"ASE","Graph 1",0.00894444444444444,0.00193045136473762,5.27062896509817,0.0370242220379777,200
"428",90,0.3,"ASE","Graph 2",0.160111111111111,0.00786549799367492,2.82193194572972,0.0323787690597374,200
"429",90,0.3,"Omni","Graph 1",0.00227777777777778,0.00082344778657301,6.17717156327131,0.0416214416932857,200
"430",90,0.3,"Omni","Graph 2",0.0197222222222222,0.002922195047779,4.89531420666497,0.036605910340827,200
"431",90,0.3,"Omnibar","Graph 1",0.0025,0.000397253896430757,6.0837996699631,0.0438113427620308,200
"432",90,0.3,"Omnibar","Graph 2",0.0025,0.000397253896430757,6.0837996699631,0.0438113427620308,200
"433",90,0.4,"Abar","Graph 1",0.00744444444444444,0.0017876436184423,5.51876861801699,0.0340709955332745,200
"434",90,0.4,"Abar","Graph 2",0.00744444444444444,0.0017876436184423,5.51876861801699,0.0340709955332745,200
"435",90,0.4,"ASE","Graph 1",0.0075,0.00145647930588951,5.22245417095212,0.0360841263222431,200
"436",90,0.4,"ASE","Graph 2",0.255722222222222,0.00766225020268986,2.04620719573789,0.0371061471798833,200
"437",90,0.4,"Omni","Graph 1",0.00266666666666666,0.000418565374245058,5.89516509011862,0.0358780705620438,200
"438",90,0.4,"Omni","Graph 2",0.0379444444444444,0.00402492197415932,4.34951804267737,0.0288667233370704,200
"439",90,0.4,"Omnibar","Graph 1",0.00616666666666666,0.00153882987830991,5.60439409378462,0.0341167513300137,200
"440",90,0.4,"Omnibar","Graph 2",0.00616666666666666,0.00153882987830991,5.60439409378462,0.0341167513300137,200
"441",90,0.5,"Abar","Graph 1",0.0156111111111111,0.002316666298452,5.05079502660139,0.0374833838565958,200
"442",90,0.5,"Abar","Graph 2",0.0156111111111111,0.002316666298452,5.05079502660139,0.0374833838565958,200
"443",90,0.5,"ASE","Graph 1",0.00922222222222221,0.00194072788308239,5.22498582780429,0.0334264655331527,200
"444",90,0.5,"ASE","Graph 2",0.372444444444444,0.00635213739476547,1.24380934628337,0.0385446995458351,200
"445",90,0.5,"Omni","Graph 1",0.00616666666666666,0.00167214343032866,5.68858039138649,0.0371665935528123,200
"446",90,0.5,"Omni","Graph 2",0.0525555555555555,0.00412572289770225,3.84177711879747,0.0294907684050737,200
"447",90,0.5,"Omnibar","Graph 1",0.0118888888888889,0.00170304610262588,5.18873076219124,0.0368276023868365,200
"448",90,0.5,"Omnibar","Graph 2",0.0118888888888889,0.00170304610262588,5.18873076219124,0.0368276023868365,200
"449",90,0.6,"Abar","Graph 1",0.0248333333333333,0.00259083685996725,4.54735051891493,0.0359878118408279,200
"450",90,0.6,"Abar","Graph 2",0.0248333333333333,0.00259083685996725,4.54735051891493,0.0359878118408279,200
"451",90,0.6,"ASE","Graph 1",0.00805555555555555,0.00124022951152924,5.22807109240816,0.0369019569735779,200
"452",90,0.6,"ASE","Graph 2",0.411055555555556,0.00454212691702144,0.819530050311356,0.0278888679921278,200
"453",90,0.6,"Omni","Graph 1",0.00627777777777777,0.00112381762973018,5.4438883926905,0.0420780614127488,200
"454",90,0.6,"Omni","Graph 2",0.101888888888889,0.00649944282187718,3.38064041770059,0.0268543986149134,200
"455",90,0.6,"Omnibar","Graph 1",0.0223888888888889,0.00282069305745942,4.76624317511672,0.036944612689778,200
"456",90,0.6,"Omnibar","Graph 2",0.0223888888888889,0.00282069305745942,4.76624317511672,0.036944612689778,200
"457",90,0.7,"Abar","Graph 1",0.0388888888888889,0.00353476613420886,4.11598111652167,0.0340122991464376,200
"458",90,0.7,"Abar","Graph 2",0.0388888888888889,0.00353476613420886,4.11598111652167,0.0340122991464376,200
"459",90,0.7,"ASE","Graph 1",0.00866666666666666,0.00228846005968089,5.24960080423653,0.0372308873171559,200
"460",90,0.7,"ASE","Graph 2",0.435222222222222,0.00366412784548301,0.513224811889413,0.0228986901179077,200
"461",90,0.7,"Omni","Graph 1",0.00872222222222221,0.00127461799490768,5.23800943460091,0.0375298253536977,200
"462",90,0.7,"Omni","Graph 2",0.149111111111111,0.00699381556589374,2.99609265103329,0.0249976193325301,200
"463",90,0.7,"Omnibar","Graph 1",0.0400555555555555,0.00480069781876742,4.42267285797104,0.0346291822471577,200
"464",90,0.7,"Omnibar","Graph 2",0.0400555555555555,0.00480069781876742,4.42267285797104,0.0346291822471577,200
"465",90,0.8,"Abar","Graph 1",0.0724444444444444,0.00496339351060721,3.65777431065778,0.0343509453488145,200
"466",90,0.8,"Abar","Graph 2",0.0724444444444444,0.00496339351060721,3.65777431065778,0.0343509453488145,200
"467",90,0.8,"ASE","Graph 1",0.00772222222222222,0.0013184482265761,5.26968474934667,0.0423247671462139,200
"468",90,0.8,"ASE","Graph 2",0.447388888888889,0.00290520400502501,0.408833776578815,0.0146174583648902,200
"469",90,0.8,"Omni","Graph 1",0.0103888888888889,0.001475816803644,5.04707866848525,0.0433581462250419,200
"470",90,0.8,"Omni","Graph 2",0.219,0.00786210566596652,2.58891606881925,0.0239307623779761,200
"471",90,0.8,"Omnibar","Graph 1",0.049,0.0049641621536229,4.04744871850278,0.0358258544821159,200
"472",90,0.8,"Omnibar","Graph 2",0.049,0.0049641621536229,4.04744871850278,0.0358258544821159,200
"473",90,0.9,"Abar","Graph 1",0.120555555555556,0.00689572525109806,3.19353873814594,0.0344863865995337,200
"474",90,0.9,"Abar","Graph 2",0.120555555555556,0.00689572525109806,3.19353873814594,0.0344863865995337,200
"475",90,0.9,"ASE","Graph 1",0.00883333333333333,0.00209326777095423,5.24082130244845,0.0373409525211039,200
"476",90,0.9,"ASE","Graph 2",0.453888888888889,0.00238872332668725,0.302747648142246,0.0119634808156726,200
"477",90,0.9,"Omni","Graph 1",0.0161666666666667,0.00223169046579772,4.82133587440509,0.0409060890460186,200
"478",90,0.9,"Omni","Graph 2",0.262833333333333,0.00828437039570025,2.24578350465235,0.0225361503488346,200
"479",90,0.9,"Omnibar","Graph 1",0.075,0.00622028266013558,3.72663013985237,0.034725269836333,200
"480",90,0.9,"Omnibar","Graph 2",0.075,0.00622028266013558,3.72663013985237,0.034725269836333,200
"481",100,0,"Abar","Graph 1",5e-05,5e-05,8.19667459490154,0.0401990980151379,200
"482",100,0,"Abar","Graph 2",5e-05,5e-05,8.19667459490154,0.0401990980151379,200
"483",100,0,"ASE","Graph 1",0.0038,0.000499044312792615,5.59824967624041,0.0343321424152577,200
"484",100,0,"ASE","Graph 2",0.00355,0.000637589288258917,5.57710890760844,0.0341733885003918,200
"485",100,0,"Omni","Graph 1",3e-04,0.000120926074846947,7.35367894194337,0.0377533614066664,200
"486",100,0,"Omni","Graph 2",5e-05,5e-05,7.34205539761196,0.0367221249328981,200
"487",100,0,"Omnibar","Graph 1",5e-05,5e-05,8.16249004718755,0.0397271510465643,200
"488",100,0,"Omnibar","Graph 2",5e-05,5e-05,8.16249004718755,0.0397271510465643,200
"489",100,0.1,"Abar","Graph 1",1e-04,7.05327893384297e-05,7.51738375666418,0.0446396104776569,200
"490",100,0.1,"Abar","Graph 2",1e-04,7.05327893384297e-05,7.51738375666418,0.0446396104776569,200
"491",100,0.1,"ASE","Graph 1",0.00475,0.00139622157029851,5.50956430568374,0.0347551375442394,200
"492",100,0.1,"ASE","Graph 2",0.01945,0.00220118458286423,4.6850621456774,0.0311803060915667,200
"493",100,0.1,"Omni","Graph 1",4e-04,0.000138911779241576,7.02153683019072,0.0429722052793501,200
"494",100,0.1,"Omni","Graph 2",0.0012,0.000241019609702834,6.50880647886309,0.0373271153613277,200
"495",100,0.1,"Omnibar","Graph 1",0.00015,8.6166252765093e-05,7.49056628842489,0.0444961698478622,200
"496",100,0.1,"Omnibar","Graph 2",0.00015,8.6166252765093e-05,7.49056628842489,0.0444961698478622,200
"497",100,0.2,"Abar","Graph 1",5e-04,0.000154497076780334,6.98756376027035,0.0430869919505756,200
"498",100,0.2,"Abar","Graph 2",5e-04,0.000154497076780334,6.98756376027035,0.0430869919505756,200
"499",100,0.2,"ASE","Graph 1",0.00465,0.000899127159105544,5.5896644895186,0.0353388960750269,200
"500",100,0.2,"ASE","Graph 2",0.05705,0.00511908317600076,3.82244415925843,0.0317135486023043,200
"501",100,0.2,"Omni","Graph 1",0.00055,0.000176474406304149,6.82417236766879,0.0390644288710199,200
"502",100,0.2,"Omni","Graph 2",0.0033,0.00043183609397583,5.81616132398508,0.037815755632327,200
"503",100,0.2,"Omnibar","Graph 1",6e-04,0.000182665908616945,6.99295935453252,0.0430568817276501,200
"504",100,0.2,"Omnibar","Graph 2",6e-04,0.000182665908616945,6.99295935453252,0.0430568817276501,200
"505",100,0.3,"Abar","Graph 1",0.00085,0.000210019142463265,6.45360877799178,0.0396156452409041,200
"506",100,0.3,"Abar","Graph 2",0.00085,0.000210019142463265,6.45360877799178,0.0396156452409041,200
"507",100,0.3,"ASE","Graph 1",0.00475,0.000853422020883363,5.56500605646099,0.0314203579626021,200
"508",100,0.3,"ASE","Graph 2",0.11625,0.00619711291995826,3.09867311074472,0.0313817026822682,200
"509",100,0.3,"Omni","Graph 1",0.00045,0.000163158214672371,6.57063413344791,0.0374341684598669,200
"510",100,0.3,"Omni","Graph 2",0.0076,0.00157754341178948,5.20120129916842,0.0313638756287439,200
"511",100,0.3,"Omnibar","Graph 1",0.00075,0.000199717136654236,6.49453494676272,0.0391343067651998,200
"512",100,0.3,"Omnibar","Graph 2",0.00075,0.000199717136654236,6.49453494676272,0.0391343067651998,200
"513",100,0.4,"Abar","Graph 1",0.003,0.000413345220556358,5.85453352732592,0.0400872901699475,200
"514",100,0.4,"Abar","Graph 2",0.003,0.000413345220556358,5.85453352732592,0.0400872901699475,200
"515",100,0.4,"ASE","Graph 1",0.004,0.000932387652035537,5.57361961680529,0.0343770694254427,200
"516",100,0.4,"ASE","Graph 2",0.23185,0.00818721809902515,2.31342281006639,0.0337920843122576,200
"517",100,0.4,"Omni","Graph 1",0.00265,0.0012749568915759,6.29686638788155,0.0416869856096809,200
"518",100,0.4,"Omni","Graph 2",0.01925,0.00173050882806766,4.57124664931629,0.0308400524677392,200
"519",100,0.4,"Omnibar","Graph 1",0.00285,0.000415633560100008,5.94986461113617,0.0405250181689967,200
"520",100,0.4,"Omnibar","Graph 2",0.00285,0.000415633560100008,5.94986461113617,0.0405250181689967,200
"521",100,0.5,"Abar","Graph 1",0.0059,0.000796316898612026,5.328998434874,0.0321578958010999,200
"522",100,0.5,"Abar","Graph 2",0.0059,0.000796316898612026,5.328998434874,0.0321578958010999,200
"523",100,0.5,"ASE","Graph 1",0.0045,0.000574806062990163,5.52861555242686,0.0359073364813888,200
"524",100,0.5,"ASE","Graph 2",0.3481,0.00734997008847706,1.36917528882764,0.0415781248494023,200
"525",100,0.5,"Omni","Graph 1",0.00435,0.00163285596209979,5.97971355969673,0.0357895373051057,200
"526",100,0.5,"Omni","Graph 2",0.0407,0.00375874858892875,4.0753227704302,0.0258742393786728,200
"527",100,0.5,"Omnibar","Graph 1",0.00425,0.000503442920170049,5.4780530670856,0.0331843395136987,200
"528",100,0.5,"Omnibar","Graph 2",0.00425,0.000503442920170049,5.4780530670856,0.0331843395136987,200
"529",100,0.6,"Abar","Graph 1",0.01565,0.0023495722908114,4.87541159442961,0.0333545507336175,200
"530",100,0.6,"Abar","Graph 2",0.01565,0.0023495722908114,4.87541159442961,0.0333545507336175,200
"531",100,0.6,"ASE","Graph 1",0.0036,0.000605834280871755,5.58392772106614,0.0380612480319388,200
"532",100,0.6,"ASE","Graph 2",0.39375,0.00586893598088603,0.883548020938223,0.0325616793841032,200
"533",100,0.6,"Omni","Graph 1",0.0027,0.000473997222390776,5.83285931572858,0.0411629526114549,200
"534",100,0.6,"Omni","Graph 2",0.0675,0.00467364577435225,3.60751153719471,0.0249101678415438,200
"535",100,0.6,"Omnibar","Graph 1",0.01,0.00141598909799057,5.1100971158542,0.0352233153020419,200
"536",100,0.6,"Omnibar","Graph 2",0.01,0.00141598909799057,5.1100971158542,0.0352233153020419,200
"537",100,0.7,"Abar","Graph 1",0.025,0.00231447270876068,4.43141678876894,0.0341671574316707,200
"538",100,0.7,"Abar","Graph 2",0.025,0.00231447270876068,4.43141678876894,0.0341671574316707,200
"539",100,0.7,"ASE","Graph 1",0.0032,0.000417939429623685,5.55032752678567,0.0330077394317166,200
"540",100,0.7,"ASE","Graph 2",0.4367,0.00331140104554282,0.538973104649046,0.0225316190661258,200
"541",100,0.7,"Omni","Graph 1",0.0053,0.0016486784718427,5.60605906190875,0.0367940241734043,200
"542",100,0.7,"Omni","Graph 2",0.1187,0.00689487100902952,3.20516106029138,0.0253505892090536,200
"543",100,0.7,"Omnibar","Graph 1",0.01765,0.00215828135143679,4.75450908343519,0.0347554984700058,200
"544",100,0.7,"Omnibar","Graph 2",0.01765,0.00215828135143679,4.75450908343519,0.0347554984700058,200
"545",100,0.8,"Abar","Graph 1",0.05245,0.00431282853238437,3.89468540049699,0.0327826482740054,200
"546",100,0.8,"Abar","Graph 2",0.05245,0.00431282853238437,3.89468540049699,0.0327826482740054,200
"547",100,0.8,"ASE","Graph 1",0.0053,0.000675895088644881,5.5227256283802,0.0374883890191629,200
"548",100,0.8,"ASE","Graph 2",0.44625,0.00318873448850652,0.406541465124563,0.0158281552399713,200
"549",100,0.8,"Omni","Graph 1",0.00765,0.00124201469496643,5.33271422923191,0.0399976226501615,200
"550",100,0.8,"Omni","Graph 2",0.1882,0.00841593367954456,2.75141447877215,0.0220801401057857,200
"551",100,0.8,"Omnibar","Graph 1",0.03265,0.00335389782987889,4.31286099942591,0.0337352052709528,200
"552",100,0.8,"Omnibar","Graph 2",0.03265,0.00335389782987889,4.31286099942591,0.0337352052709528,200
"553",100,0.9,"Abar","Graph 1",0.09085,0.0059282890071895,3.41844032854871,0.0314326004222876,200
"554",100,0.9,"Abar","Graph 2",0.09085,0.0059282890071895,3.41844032854871,0.0314326004222876,200
"555",100,0.9,"ASE","Graph 1",0.00485,0.000766698528214206,5.51078533765731,0.0367352060196928,200
"556",100,0.9,"ASE","Graph 2",0.45445,0.00234649048324081,0.28796576713501,0.0113405764591922,200
"557",100,0.9,"Omni","Graph 1",0.01045,0.00206100124469959,5.10750712456638,0.0372908717698381,200
"558",100,0.9,"Omni","Graph 2",0.2486,0.00855430186526113,2.40608440062565,0.0202146009344209,200
"559",100,0.9,"Omnibar","Graph 1",0.0513,0.00474437514087861,3.98499227709745,0.0304365404421206,200
"560",100,0.9,"Omnibar","Graph 2",0.0513,0.00474437514087861,3.98499227709745,0.0304365404421206,200
"561",116,0,"Abar","Graph 1",0,0,8.78009559537701,0.0455151195016286,200
"562",116,0,"Abar","Graph 2",0,0,8.78009559537701,0.0455151195016286,200
"563",116,0,"ASE","Graph 1",0.00181034482758621,0.000263484557873444,6.034296189195,0.0352183094113586,200
"564",116,0,"ASE","Graph 2",0.00206896551724138,0.000313038236224102,6.01126060575324,0.035723805077836,200
"565",116,0,"Omni","Graph 1",0.000129310344827586,7.42812523837008e-05,7.88208749903687,0.0411613649666483,200
"566",116,0,"Omni","Graph 2",0,0,7.87442032741801,0.0423298353945527,200
"567",116,0,"Omnibar","Graph 1",0.000948275862068965,0.000948275862068965,8.75466722302982,0.0455980893409091,200
"568",116,0,"Omnibar","Graph 2",0.000948275862068965,0.000948275862068965,8.75466722302982,0.0455980893409091,200
"569",116,0.1,"Abar","Graph 1",0,0,8.11428925420712,0.0419825924469896,200
"570",116,0.1,"Abar","Graph 2",0,0,8.11428925420712,0.0419825924469896,200
"571",116,0.1,"ASE","Graph 1",0.00146551724137931,0.000267144240902199,6.04707499524418,0.0313766781081493,200
"572",116,0.1,"ASE","Graph 2",0.00827586206896551,0.000619721418895413,5.07309851602686,0.0309665859649323,200
"573",116,0.1,"Omni","Graph 1",4.31034482758621e-05,4.31034482758621e-05,7.59004827795595,0.0381836168929688,200
"574",116,0.1,"Omni","Graph 2",0.00155172413793103,0.0013810961407921,7.01832420509084,0.0369247475371104,200
"575",116,0.1,"Omnibar","Graph 1",0,0,8.09642451601046,0.0419758239824485,200
"576",116,0.1,"Omnibar","Graph 2",0,0,8.09642451601046,0.0419758239824485,200
"577",116,0.2,"Abar","Graph 1",0.00357758620689655,0.00226461627885544,7.54871880682161,0.0409050897619878,200
"578",116,0.2,"Abar","Graph 2",0.00357758620689655,0.00226461627885544,7.54871880682161,0.0409050897619878,200
"579",116,0.2,"ASE","Graph 1",0.00163793103448276,0.000295549741254742,6.05330169292915,0.0352148935531898,200
"580",116,0.2,"ASE","Graph 2",0.0295258620689655,0.00331939306420808,4.26623396334307,0.0299733770401729,200
"581",116,0.2,"Omni","Graph 1",0.000344827586206896,0.000119751533828945,7.36468360194099,0.0406230988581596,200
"582",116,0.2,"Omni","Graph 2",0.00103448275862069,0.000225032537476909,6.3051336310296,0.0336979162996131,200
"583",116,0.2,"Omnibar","Graph 1",0.00172413793103448,0.00142663778969264,7.5639869645638,0.0407236971219278,200
"584",116,0.2,"Omnibar","Graph 2",0.00172413793103448,0.00142663778969264,7.5639869645638,0.0407236971219278,200
"585",116,0.3,"Abar","Graph 1",0.000646551724137931,0.000160959632066225,6.9255334923729,0.0360079232599623,200
"586",116,0.3,"Abar","Graph 2",0.000646551724137931,0.000160959632066225,6.9255334923729,0.0360079232599623,200
"587",116,0.3,"ASE","Graph 1",0.00107758620689655,0.000228143401709576,6.03964113310783,0.0330094705354847,200
"588",116,0.3,"ASE","Graph 2",0.07875,0.00531965578479699,3.429146735904,0.0269047068467583,200
"589",116,0.3,"Omni","Graph 1",0.000431034482758621,0.00013318713515546,7.05209818768268,0.0368035116067947,200
"590",116,0.3,"Omni","Graph 2",0.00530172413793103,0.00115088595964318,5.6097792297086,0.030423075305235,200
"591",116,0.3,"Omnibar","Graph 1",0.000646551724137931,0.000160959632066225,6.97614286895538,0.0360734496384336,200
"592",116,0.3,"Omnibar","Graph 2",0.000646551724137931,0.000160959632066225,6.97614286895538,0.0360734496384336,200
"593",116,0.4,"Abar","Graph 1",0.00245689655172414,0.00102872230130048,6.27439231528631,0.0317262537403689,200
"594",116,0.4,"Abar","Graph 2",0.00245689655172414,0.00102872230130048,6.27439231528631,0.0317262537403689,200
"595",116,0.4,"ASE","Graph 1",0.00142241379310345,0.000271769783972564,6.0257654056731,0.0356507015258093,200
"596",116,0.4,"ASE","Graph 2",0.196422413793103,0.00767876011089576,2.48968592851156,0.0333981278784102,200
"597",116,0.4,"Omni","Graph 1",0.000603448275862068,0.000198114759047619,6.75384512683576,0.0352245403242366,200
"598",116,0.4,"Omni","Graph 2",0.016551724137931,0.00280533570192665,4.89250379043831,0.0258167560320869,200
"599",116,0.4,"Omnibar","Graph 1",0.00366379310344827,0.00179672773543277,6.37644199495439,0.0322522346414091,200
"600",116,0.4,"Omnibar","Graph 2",0.00366379310344827,0.00179672773543277,6.37644199495439,0.0322522346414091,200
"601",116,0.5,"Abar","Graph 1",0.0046551724137931,0.000488272102755368,5.70451177537005,0.0339029105688859,200
"602",116,0.5,"Abar","Graph 2",0.0046551724137931,0.000488272102755368,5.70451177537005,0.0339029105688859,200
"603",116,0.5,"ASE","Graph 1",0.00478448275862069,0.00247380161177136,5.94449853027665,0.0333898752879614,200
"604",116,0.5,"ASE","Graph 2",0.312629310344828,0.00786795009869847,1.68046834967442,0.0382851116277548,200
"605",116,0.5,"Omni","Graph 1",0.00232758620689655,0.00102204370862304,6.4145396512005,0.0348167051204195,200
"606",116,0.5,"Omni","Graph 2",0.0295689655172414,0.00291318707240903,4.35672114615011,0.0264945487278541,200
"607",116,0.5,"Omnibar","Graph 1",0.00538793103448276,0.00163570366752935,5.87085101941227,0.0339685139685739,200
"608",116,0.5,"Omnibar","Graph 2",0.00538793103448276,0.00163570366752935,5.87085101941227,0.0339685139685739,200
"609",116,0.6,"Abar","Graph 1",0.00637931034482758,0.00120255674424458,5.2676060711174,0.0321343150785958,200
"610",116,0.6,"Abar","Graph 2",0.00637931034482758,0.00120255674424458,5.2676060711174,0.0321343150785958,200
"611",116,0.6,"ASE","Graph 1",0.00189655172413793,0.000294093042350986,6.02546209835639,0.0345996957192123,200
"612",116,0.6,"ASE","Graph 2",0.40573275862069,0.0051187351760489,0.883473200176447,0.0316678872371622,200
"613",116,0.6,"Omni","Graph 1",0.00431034482758621,0.00216489748285313,6.29600043345232,0.035108860388121,200
"614",116,0.6,"Omni","Graph 2",0.0502155172413793,0.00421105424271323,3.88585033653528,0.024522107730121,200
"615",116,0.6,"Omnibar","Graph 1",0.00456896551724138,0.00122968740230188,5.53739415527286,0.0327570438284302,200
"616",116,0.6,"Omnibar","Graph 2",0.00456896551724138,0.00122968740230188,5.53739415527286,0.0327570438284302,200
"617",116,0.7,"Abar","Graph 1",0.0147844827586207,0.00192121910951651,4.75218993817393,0.0301956371324208,200
"618",116,0.7,"Abar","Graph 2",0.0147844827586207,0.00192121910951651,4.75218993817393,0.0301956371324208,200
"619",116,0.7,"ASE","Graph 1",0.00146551724137931,0.000267144240902199,6.01068412539001,0.0368028454056023,200
"620",116,0.7,"ASE","Graph 2",0.439870689655173,0.00357975677015242,0.544424783735644,0.0224420855204576,200
"621",116,0.7,"Omni","Graph 1",0.0015948275862069,0.000252538513377919,6.04988136738411,0.0347486905819573,200
"622",116,0.7,"Omni","Graph 2",0.0882327586206896,0.00592676135367405,3.43202135534614,0.0222519208330099,200
"623",116,0.7,"Omnibar","Graph 1",0.00844827586206896,0.00125976488701342,5.11789650427274,0.0303997595123494,200
"624",116,0.7,"Omnibar","Graph 2",0.00844827586206896,0.00125976488701342,5.11789650427274,0.0303997595123494,200
"625",116,0.8,"Abar","Graph 1",0.0250862068965517,0.00183655962616628,4.26700848850288,0.0293059605503977,200
"626",116,0.8,"Abar","Graph 2",0.0250862068965517,0.00183655962616628,4.26700848850288,0.0293059605503977,200
"627",116,0.8,"ASE","Graph 1",0.00137931034482759,0.000255204726161823,6.0171436492179,0.02997605503922,200
"628",116,0.8,"ASE","Graph 2",0.45448275862069,0.00220604487768364,0.361251427988191,0.014001025041697,200
"629",116,0.8,"Omni","Graph 1",0.00349137931034483,0.00124805655600072,5.86195128698946,0.0305704862752976,200
"630",116,0.8,"Omni","Graph 2",0.143103448275862,0.00762363563312233,3.00951629320943,0.022127215567433,200
"631",116,0.8,"Omnibar","Graph 1",0.0125431034482759,0.000852917768567041,4.76510130197593,0.0291508275468755,200
"632",116,0.8,"Omnibar","Graph 2",0.0125431034482759,0.000852917768567041,4.76510130197593,0.0291508275468755,200
"633",116,0.9,"Abar","Graph 1",0.0545689655172414,0.00416498531037644,3.7589560093944,0.0270762063700604,200
"634",116,0.9,"Abar","Graph 2",0.0545689655172414,0.00416498531037644,3.7589560093944,0.0270762063700604,200
"635",116,0.9,"ASE","Graph 1",0.00133620689655172,0.000237447713392785,6.03443130568214,0.0343553439034504,200
"636",116,0.9,"ASE","Graph 2",0.461077586206897,0.00226684141597916,0.288126261316985,0.0109414877793102,200
"637",116,0.9,"Omni","Graph 1",0.00323275862068965,0.000358617336501125,5.63541604814167,0.0329985846260274,200
"638",116,0.9,"Omni","Graph 2",0.195862068965517,0.00749174223781743,2.59773312346559,0.0185734254867138,200
"639",116,0.9,"Omnibar","Graph 1",0.0230603448275862,0.00198108868297605,4.37498820431738,0.0285688668201466,200
"640",116,0.9,"Omnibar","Graph 2",0.0230603448275862,0.00198108868297605,4.37498820431738,0.0285688668201466,200
"641",150,0,"Abar","Graph 1",0,0,10.041621242115,0.0458235966407116,200
"642",150,0,"Abar","Graph 2",0,0,10.041621242115,0.0458235966407116,200
"643",150,0,"ASE","Graph 1",0.000366666666666667,0.000107740615373243,6.91063262326779,0.0313318359803598,200
"644",150,0,"ASE","Graph 2",0.000466666666666666,0.000137862764444255,6.92163432012443,0.0361822639776753,200
"645",150,0,"Omni","Graph 1",0,0,8.9911674247847,0.0389250296084477,200
"646",150,0,"Omni","Graph 2",3.33333333333333e-05,3.33333333333333e-05,9.0008398106196,0.0424729928372792,200
"647",150,0,"Omnibar","Graph 1",3.33333333333333e-05,3.33333333333333e-05,10.0165922215378,0.0456409454406138,200
"648",150,0,"Omnibar","Graph 2",3.33333333333333e-05,3.33333333333333e-05,10.0165922215378,0.0456409454406138,200
"649",150,0.1,"Abar","Graph 1",0,0,9.29023731501211,0.0448791543151242,200
"650",150,0.1,"Abar","Graph 2",0,0,9.29023731501211,0.0448791543151242,200
"651",150,0.1,"ASE","Graph 1",0.000366666666666667,0.000117649604202766,6.93184283806622,0.0353718796795692,200
"652",150,0.1,"ASE","Graph 2",0.0022,0.000259320936004718,5.84433122838571,0.0298942401567287,200
"653",150,0.1,"Omni","Graph 1",0,0,8.69761408357988,0.0430526687919868,200
"654",150,0.1,"Omni","Graph 2",0,0,7.9969486311816,0.0358795441325361,200
"655",150,0.1,"Omnibar","Graph 1",0,0,9.27687854467661,0.0446115975996065,200
"656",150,0.1,"Omnibar","Graph 2",0,0,9.27687854467661,0.0446115975996065,200
"657",150,0.2,"Abar","Graph 1",0,0,8.52113217489063,0.0396635790692149,200
"658",150,0.2,"Abar","Graph 2",0,0,8.52113217489063,0.0396635790692149,200
"659",150,0.2,"ASE","Graph 1",4e-04,0.000112233305697875,6.90090879480956,0.0345521810296063,200
"660",150,0.2,"ASE","Graph 2",0.0101,0.000959221604211187,4.9100897310883,0.0293093489372191,200
"661",150,0.2,"Omni","Graph 1",0,0,8.30468607103464,0.0384281574080984,200
"662",150,0.2,"Omni","Graph 2",2e-04,8.06173832312981e-05,7.12354275569946,0.0357690681084237,200
"663",150,0.2,"Omnibar","Graph 1",0,0,8.53515787788313,0.0397509733004338,200
"664",150,0.2,"Omnibar","Graph 2",0,0,8.53515787788313,0.0397509733004338,200
"665",150,0.3,"Abar","Graph 1",3.33333333333333e-05,3.33333333333333e-05,7.85046715805239,0.0364978870298928,200
"666",150,0.3,"Abar","Graph 2",3.33333333333333e-05,3.33333333333333e-05,7.85046715805239,0.0364978870298928,200
"667",150,0.3,"ASE","Graph 1",0.000366666666666667,0.000107740615373243,6.90772404391151,0.0325226736749952,200
"668",150,0.3,"ASE","Graph 2",0.0394333333333333,0.00310248455036599,3.97743683304271,0.025095529249474,200
"669",150,0.3,"Omni","Graph 1",0.000133333333333333,6.6162245800778e-05,8.02696002761721,0.0356663756266066,200
"670",150,0.3,"Omni","Graph 2",0.000966666666666666,0.000185441661217869,6.31119916252584,0.0301601172137173,200
"671",150,0.3,"Omnibar","Graph 1",3.33333333333333e-05,3.33333333333333e-05,7.91887951321632,0.0369678441506762,200
"672",150,0.3,"Omnibar","Graph 2",3.33333333333333e-05,3.33333333333333e-05,7.91887951321632,0.0369678441506762,200
"673",150,0.4,"Abar","Graph 1",0.000266666666666667,0.000103969243401223,7.28079924232818,0.0326532818676923,200
"674",150,0.4,"Abar","Graph 2",0.000266666666666667,0.000103969243401223,7.28079924232818,0.0326532818676923,200
"675",150,0.4,"ASE","Graph 1",0.000266666666666667,9.26078528277173e-05,6.97922293331768,0.0338417914571914,200
"676",150,0.4,"ASE","Graph 2",0.110266666666667,0.00594669040263871,3.11703674033328,0.0247201556640946,200
"677",150,0.4,"Omni","Graph 1",3.33333333333333e-05,3.33333333333333e-05,7.83385555392884,0.0359489413909495,200
"678",150,0.4,"Omni","Graph 2",0.00353333333333333,0.00033386891645974,5.66177893455603,0.0260206740660226,200
"679",150,0.4,"Omnibar","Graph 1",2e-04,9.34481227586969e-05,7.4121712633028,0.0331768650480581,200
"680",150,0.4,"Omnibar","Graph 2",2e-04,9.34481227586969e-05,7.4121712633028,0.0331768650480581,200
"681",150,0.5,"Abar","Graph 1",0.000466666666666667,0.000129509662389142,6.63288924332444,0.0337545077294607,200
"682",150,0.5,"Abar","Graph 2",0.000466666666666667,0.000129509662389142,6.63288924332444,0.0337545077294607,200
"683",150,0.5,"ASE","Graph 1",0.000466666666666667,0.000120579282980482,6.89373633253363,0.0344857720488903,200
"684",150,0.5,"ASE","Graph 2",0.234666666666667,0.00794649893587107,2.19622236721392,0.0312358389356978,200
"685",150,0.5,"Omni","Graph 1",0.000133333333333333,6.6162245800778e-05,7.48865966189006,0.0366902036381768,200
"686",150,0.5,"Omni","Graph 2",0.00809999999999999,0.000948568523911749,5.00983272760095,0.0265731146949346,200
"687",150,0.5,"Omnibar","Graph 1",0.000266666666666667,9.26078528277173e-05,6.84705730537537,0.034426314602014,200
"688",150,0.5,"Omnibar","Graph 2",0.000266666666666667,9.26078528277173e-05,6.84705730537537,0.034426314602014,200
"689",150,0.6,"Abar","Graph 1",0.0023,0.000293603880107695,6.00323205747781,0.0289894643886633,200
"690",150,0.6,"Abar","Graph 2",0.0023,0.000293603880107695,6.00323205747781,0.0289894643886633,200
"691",150,0.6,"ASE","Graph 1",0.000366666666666667,0.000107740615373243,6.88164658195873,0.0331172843031995,200
"692",150,0.6,"ASE","Graph 2",0.368133333333333,0.00628579709459836,1.25220633925146,0.0343549722164246,200
"693",150,0.6,"Omni","Graph 1",0.000133333333333333,6.6162245800778e-05,7.18024654821281,0.0328048938155988,200
"694",150,0.6,"Omni","Graph 2",0.0207666666666667,0.00248599763769123,4.42538810652238,0.022091978519458,200
"695",150,0.6,"Omnibar","Graph 1",0.00113333333333333,0.000189683682739152,6.32055995922408,0.0299620883319002,200
"696",150,0.6,"Omnibar","Graph 2",0.00113333333333333,0.000189683682739152,6.32055995922408,0.0299620883319002,200
"697",150,0.7,"Abar","Graph 1",0.00543333333333333,0.000495828494690859,5.43692781307115,0.0317595920985883,200
"698",150,0.7,"Abar","Graph 2",0.00543333333333333,0.000495828494690859,5.43692781307115,0.0317595920985883,200
"699",150,0.7,"ASE","Graph 1",0.000266666666666667,0.000103969243401223,6.90427384950184,0.0349623155024997,200
"700",150,0.7,"ASE","Graph 2",0.4325,0.00410333783049854,0.583004620391182,0.0234391506859134,200
"701",150,0.7,"Omni","Graph 1",3e-04,9.79693316796065e-05,6.96198961686806,0.0362391038840121,200
"702",150,0.7,"Omni","Graph 2",0.0418333333333333,0.0031404628606849,3.89259506286643,0.0235655734772575,200
"703",150,0.7,"Omnibar","Graph 1",0.0026,0.000326701191215625,5.88355094642608,0.0334298618213845,200
"704",150,0.7,"Omnibar","Graph 2",0.0026,0.000326701191215625,5.88355094642608,0.0334298618213845,200
"705",150,0.8,"Abar","Graph 1",0.00883333333333333,0.000561042142689668,4.90508928264827,0.0275012217638906,200
"706",150,0.8,"Abar","Graph 2",0.00883333333333333,0.000561042142689668,4.90508928264827,0.0275012217638906,200
"707",150,0.8,"ASE","Graph 1",0.000366666666666667,0.000107740615373243,6.88144052754026,0.0314176924070604,200
"708",150,0.8,"ASE","Graph 2",0.4561,0.00230663234257631,0.344714185132038,0.0125769395650232,200
"709",150,0.8,"Omni","Graph 1",6e-04,0.000150858329642606,6.74112448170118,0.033463770529173,200
"710",150,0.8,"Omni","Graph 2",0.0709,0.00416659698434195,3.42344283688927,0.0193565880745665,200
"711",150,0.8,"Omnibar","Graph 1",0.00526666666666666,0.00101643666563837,5.48215132768734,0.0285756932203564,200
"712",150,0.8,"Omnibar","Graph 2",0.00526666666666666,0.00101643666563837,5.48215132768734,0.0285756932203564,200
"713",150,0.9,"Abar","Graph 1",0.0192333333333333,0.00146744116903868,4.37742194928007,0.0287698596242434,200
"714",150,0.9,"Abar","Graph 2",0.0192333333333333,0.00146744116903868,4.37742194928007,0.0287698596242434,200
"715",150,0.9,"ASE","Graph 1",2e-04,9.34481227586969e-05,6.91634307173228,0.0352137202210022,200
"716",150,0.9,"ASE","Graph 2",0.466766666666667,0.00186805254846897,0.245748218531098,0.00919733284924493,200
"717",150,0.9,"Omni","Graph 1",0.000733333333333333,0.000162270324740715,6.55330662022515,0.0356610913253271,200
"718",150,0.9,"Omni","Graph 2",0.130433333333333,0.00674685070358957,3.00184986774389,0.0193512157461765,200
"719",150,0.9,"Omnibar","Graph 1",0.00746666666666666,0.000589428552908499,5.11765113355796,0.0301992501688998,200
"720",150,0.9,"Omnibar","Graph 2",0.00746666666666666,0.000589428552908499,5.11765113355796,0.0301992501688998,200
"721",194,0,"Abar","Graph 1",0,0,11.3995742831312,0.0475264211254881,200
"722",194,0,"Abar","Graph 2",0,0,11.3995742831312,0.0475264211254881,200
"723",194,0,"ASE","Graph 1",2.57731958762887e-05,2.57731958762886e-05,7.88236372234527,0.0348123490632195,200
"724",194,0,"ASE","Graph 2",2.57731958762887e-05,2.57731958762886e-05,7.92594639085368,0.029528941395871,200
"725",194,0,"Omni","Graph 1",0,0,10.2029559582087,0.0440168065255355,200
"726",194,0,"Omni","Graph 2",0,0,10.2252078139242,0.038054750160532,200
"727",194,0,"Omnibar","Graph 1",0,0,11.3762897470907,0.0475435125717022,200
"728",194,0,"Omnibar","Graph 2",0,0,11.3762897470907,0.0475435125717022,200
"729",194,0.1,"Abar","Graph 1",0,0,10.5602816438971,0.0411308714641922,200
"730",194,0.1,"Abar","Graph 2",0,0,10.5602816438971,0.0411308714641922,200
"731",194,0.1,"ASE","Graph 1",7.73195876288659e-05,4.44155942088108e-05,7.92944019826472,0.0331537222335678,200
"732",194,0.1,"ASE","Graph 2",0.000257731958762886,7.9637668443471e-05,6.71867322646277,0.028440385225459,200
"733",194,0.1,"Omni","Graph 1",0,0,9.87178826869544,0.0399828443280077,200
"734",194,0.1,"Omni","Graph 2",0,0,9.10077835643928,0.0348575510899331,200
"735",194,0.1,"Omnibar","Graph 1",0,0,10.547579883083,0.0409476097410398,200
"736",194,0.1,"Omnibar","Graph 2",0,0,10.547579883083,0.0409476097410398,200
"737",194,0.2,"Abar","Graph 1",0,0,9.7507609559979,0.0386779915321873,200
"738",194,0.2,"Abar","Graph 2",0,0,9.7507609559979,0.0386779915321873,200
"739",194,0.2,"ASE","Graph 1",5.15463917525773e-05,3.6357107906407e-05,7.89250561053664,0.0342716691291159,200
"740",194,0.2,"ASE","Graph 2",0.00255154639175258,0.000250500795945657,5.70109694594362,0.0281930812072416,200
"741",194,0.2,"Omni","Graph 1",0,0,9.48728368269613,0.0387683461301252,200
"742",194,0.2,"Omni","Graph 2",5.15463917525773e-05,3.6357107906407e-05,8.14618882962793,0.0336393137975727,200
"743",194,0.2,"Omnibar","Graph 1",0,0,9.7798448766321,0.038760116660664,200
"744",194,0.2,"Omnibar","Graph 2",0,0,9.7798448766321,0.038760116660664,200
"745",194,0.3,"Abar","Graph 1",0,0,9.0129264589529,0.0328272710183255,200
"746",194,0.3,"Abar","Graph 2",0,0,9.0129264589529,0.0328272710183255,200
"747",194,0.3,"ASE","Graph 1",7.73195876288661e-05,5.75146608814988e-05,7.94422160551104,0.0316674398196881,200
"748",194,0.3,"ASE","Graph 2",0.0121649484536083,0.000610386561541681,4.64511899105745,0.0229417397417238,200
"749",194,0.3,"Omni","Graph 1",0,0,9.21002829019605,0.0337590786011724,200
"750",194,0.3,"Omni","Graph 2",0.000360824742268041,0.000100136336898821,7.2343486678137,0.0276235589916971,200
"751",194,0.3,"Omnibar","Graph 1",0,0,9.10119588233175,0.0325965480069302,200
"752",194,0.3,"Omnibar","Graph 2",0,0,9.10119588233175,0.0325965480069302,200
"753",194,0.4,"Abar","Graph 1",0.000103092783505155,5.11563756191582e-05,8.28667800479246,0.0320082792316813,200
"754",194,0.4,"Abar","Graph 2",0.000103092783505155,5.11563756191582e-05,8.28667800479246,0.0320082792316813,200
"755",194,0.4,"ASE","Graph 1",7.73195876288659e-05,4.44155942088108e-05,7.88459537061697,0.0319929573336069,200
"756",194,0.4,"ASE","Graph 2",0.0456701030927835,0.00294982957240283,3.69321759786903,0.0231741238792548,200
"757",194,0.4,"Omni","Graph 1",2.57731958762887e-05,2.57731958762886e-05,8.84253707345836,0.034308956222374,200
"758",194,0.4,"Omni","Graph 2",0.000979381443298969,0.000156697690806022,6.45775872144693,0.0256687569752066,200
"759",194,0.4,"Omnibar","Graph 1",7.73195876288659e-05,4.44155942088108e-05,8.43792011737028,0.0320946900627574,200
"760",194,0.4,"Omnibar","Graph 2",7.73195876288659e-05,4.44155942088108e-05,8.43792011737028,0.0320946900627574,200
"761",194,0.5,"Abar","Graph 1",0.000154639175257732,7.22537031639411e-05,7.63881691680392,0.030892849001922,200
"762",194,0.5,"Abar","Graph 2",0.000154639175257732,7.22537031639411e-05,7.63881691680392,0.030892849001922,200
"763",194,0.5,"ASE","Graph 1",7.73195876288659e-05,4.44155942088108e-05,7.93432844207809,0.0303485367360114,200
"764",194,0.5,"ASE","Graph 2",0.145824742268041,0.00698077798379234,2.7687672511439,0.0212836061666539,200
"765",194,0.5,"Omni","Graph 1",2.57731958762887e-05,2.57731958762886e-05,8.60632948197905,0.0330084212105319,200
"766",194,0.5,"Omni","Graph 2",0.00234536082474227,0.000249967218906659,5.75936087931204,0.023815599989782,200
"767",194,0.5,"Omnibar","Graph 1",7.73195876288659e-05,4.44155942088108e-05,7.89377226591919,0.0318520193460569,200
"768",194,0.5,"Omnibar","Graph 2",7.73195876288659e-05,4.44155942088108e-05,7.89377226591919,0.0318520193460569,200
"769",194,0.6,"Abar","Graph 1",0.000412371134020618,9.91312629113815e-05,6.94283617596433,0.0299922494332116,200
"770",194,0.6,"Abar","Graph 2",0.000412371134020618,9.91312629113815e-05,6.94283617596433,0.0299922494332116,200
"771",194,0.6,"ASE","Graph 1",5.15463917525773e-05,3.6357107906407e-05,7.9742505100557,0.0326347633512482,200
"772",194,0.6,"ASE","Graph 2",0.301056701030928,0.00783753385118184,1.67900229414155,0.0324089264315357,200
"773",194,0.6,"Omni","Graph 1",5.15463917525773e-05,3.6357107906407e-05,8.33866896294983,0.0342318011179011,200
"774",194,0.6,"Omni","Graph 2",0.00719072164948454,0.000473471504679116,5.07610189615616,0.0230010188088315,200
"775",194,0.6,"Omnibar","Graph 1",0.000180412371134021,6.71536171994229e-05,7.32202056579842,0.0308573586297911,200
"776",194,0.6,"Omnibar","Graph 2",0.000180412371134021,6.71536171994229e-05,7.32202056579842,0.0308573586297911,200
"777",194,0.7,"Abar","Graph 1",0.00103092783505155,0.00018631954109055,6.28203718373348,0.0272437295315,200
"778",194,0.7,"Abar","Graph 2",0.00103092783505155,0.00018631954109055,6.28203718373348,0.0272437295315,200
"779",194,0.7,"ASE","Graph 1",2.57731958762887e-05,2.57731958762886e-05,7.90320810847619,0.0326285752449328,200
"780",194,0.7,"ASE","Graph 2",0.421572164948454,0.00403681125708114,0.699207481363491,0.0250169733843584,200
"781",194,0.7,"Omni","Graph 1",0,0,8.03679002982165,0.0331850227974474,200
"782",194,0.7,"Omni","Graph 2",0.0184278350515464,0.00134676419828849,4.46818325243749,0.0195980560212742,200
"783",194,0.7,"Omnibar","Graph 1",0.000309278350515464,8.67783291478416e-05,6.80976325273457,0.028963011445661,200
"784",194,0.7,"Omnibar","Graph 2",0.000309278350515464,8.67783291478416e-05,6.80976325273457,0.028963011445661,200
"785",194,0.8,"Abar","Graph 1",0.00309278350515464,0.000303526264613215,5.64007304900095,0.02458693496769,200
"786",194,0.8,"Abar","Graph 2",0.00309278350515464,0.000303526264613215,5.64007304900095,0.02458693496769,200
"787",194,0.8,"ASE","Graph 1",0,0,7.94732560721515,0.0336700556498105,200
"788",194,0.8,"ASE","Graph 2",0.451958762886598,0.0027311889040873,0.356830185989704,0.0143907317909587,200
"789",194,0.8,"Omni","Graph 1",2.57731958762887e-05,2.57731958762886e-05,7.79370322460085,0.0316627993874236,200
"790",194,0.8,"Omni","Graph 2",0.0328865979381443,0.0021606888179742,3.91099532324202,0.017255072133552,200
"791",194,0.8,"Omnibar","Graph 1",0.000721649484536083,0.000136916341434412,6.32529492307487,0.0260554794863293,200
"792",194,0.8,"Omnibar","Graph 2",0.000721649484536083,0.000136916341434412,6.32529492307487,0.0260554794863293,200
"793",194,0.9,"Abar","Graph 1",0.00636597938144331,0.000427657752894232,5.12463854984461,0.0218675406327301,200
"794",194,0.9,"Abar","Graph 2",0.00636597938144331,0.000427657752894232,5.12463854984461,0.0218675406327301,200
"795",194,0.9,"ASE","Graph 1",7.73195876288659e-05,4.44155942088108e-05,7.9385578996688,0.0330054966107314,200
"796",194,0.9,"ASE","Graph 2",0.470103092783505,0.00162470705575315,0.221679094660185,0.00897647569645664,200
"797",194,0.9,"Omni","Graph 1",0.000128865979381443,5.70484755976714e-05,7.62166044852897,0.0310056586528233,200
"798",194,0.9,"Omni","Graph 2",0.0567010309278351,0.00283769945057285,3.48445540059587,0.0150258648339529,200
"799",194,0.9,"Omnibar","Graph 1",0.00154639175257732,0.000196775366889175,6.0008521784169,0.0246410785138309,200
"800",194,0.9,"Omnibar","Graph 2",0.00154639175257732,0.000196775366889175,6.0008521784169,0.0246410785138309,200
"801",250,0,"Abar","Graph 1",0,0,13.0195362664671,0.0402161647917816,200
"802",250,0,"Abar","Graph 2",0,0,13.0195362664671,0.0402161647917816,200
"803",250,0,"ASE","Graph 1",0,0,9.05812292742342,0.0293124615064056,200
"804",250,0,"ASE","Graph 2",0,0,9.04581966582459,0.0304793508879902,200
"805",250,0,"Omni","Graph 1",0,0,11.6624990948346,0.03582740074576,200
"806",250,0,"Omni","Graph 2",0,0,11.6497665454235,0.0380802980835293,200
"807",250,0,"Omnibar","Graph 1",0,0,12.9953437989668,0.0400808101701281,200
"808",250,0,"Omnibar","Graph 2",0,0,12.9953437989668,0.0400808101701281,200
"809",250,0.1,"Abar","Graph 1",0,0,12.0468158708083,0.0398102292868948,200
"810",250,0.1,"Abar","Graph 2",0,0,12.0468158708083,0.0398102292868948,200
"811",250,0.1,"ASE","Graph 1",0,0,9.05008070094331,0.0315255554128657,200
"812",250,0.1,"ASE","Graph 2",0.00012,4.83704299387788e-05,7.67754628659763,0.0280805868468124,200
"813",250,0.1,"Omni","Graph 1",0,0,11.2499084494372,0.0369692757980937,200
"814",250,0.1,"Omni","Graph 2",0,0,10.3509061948783,0.0341918223853402,200
"815",250,0.1,"Omnibar","Graph 1",0,0,12.0410866311639,0.0398890459027654,200
"816",250,0.1,"Omnibar","Graph 2",0,0,12.0410866311639,0.0398890459027654,200
"817",250,0.2,"Abar","Graph 1",0,0,11.1512996859902,0.03546231043526,200
"818",250,0.2,"Abar","Graph 2",0,0,11.1512996859902,0.03546231043526,200
"819",250,0.2,"ASE","Graph 1",0,0,9.06246677150991,0.0310923381512353,200
"820",250,0.2,"ASE","Graph 2",0.00074,0.000120559833140371,6.50834655193875,0.0226602778577124,200
"821",250,0.2,"Omni","Graph 1",0,0,10.8526371031355,0.0346268405060482,200
"822",250,0.2,"Omni","Graph 2",4e-05,2.82131157353719e-05,9.27766690883946,0.0298629658331967,200
"823",250,0.2,"Omnibar","Graph 1",0,0,11.1859139407344,0.0355178741028988,200
"824",250,0.2,"Omnibar","Graph 2",0,0,11.1859139407344,0.0355178741028988,200
"825",250,0.3,"Abar","Graph 1",0,0,10.2261325072197,0.0343945527632961,200
"826",250,0.3,"Abar","Graph 2",0,0,10.2261325072197,0.0343945527632961,200
"827",250,0.3,"ASE","Graph 1",0,0,8.98514539769846,0.0311672852377577,200
"828",250,0.3,"ASE","Graph 2",0.00388,0.00029727066664276,5.36534850191754,0.0236157433562914,200
"829",250,0.3,"Omni","Graph 1",0,0,10.3967555643062,0.0331175235052417,200
"830",250,0.3,"Omni","Graph 2",4e-05,2.82131157353719e-05,8.22567525066472,0.0296095405063598,200
"831",250,0.3,"Omnibar","Graph 1",0,0,10.3250528766095,0.0342749406348879,200
"832",250,0.3,"Omnibar","Graph 2",0,0,10.3250528766095,0.0342749406348879,200
"833",250,0.4,"Abar","Graph 1",0,0,9.48491087422033,0.0336710077177884,200
"834",250,0.4,"Abar","Graph 2",0,0,9.48491087422033,0.0336710077177884,200
"835",250,0.4,"ASE","Graph 1",0,0,9.0475270812015,0.0323956095948905,200
"836",250,0.4,"ASE","Graph 2",0.02032,0.00162254468544981,4.29963933859923,0.0198244066005413,200
"837",250,0.4,"Omni","Graph 1",0,0,10.1412421100229,0.03636696846751,200
"838",250,0.4,"Omni","Graph 2",0.00014,5.21112069467522e-05,7.35637091453013,0.0251823746895357,200
"839",250,0.4,"Omnibar","Graph 1",0,0,9.67843720843528,0.0343159162245072,200
"840",250,0.4,"Omnibar","Graph 2",0,0,9.67843720843528,0.0343159162245072,200
"841",250,0.5,"Abar","Graph 1",2e-05,2e-05,8.676200826401,0.0285267333761424,200
"842",250,0.5,"Abar","Graph 2",2e-05,2e-05,8.676200826401,0.0285267333761424,200
"843",250,0.5,"ASE","Graph 1",0,0,9.07569025990015,0.0333160918102766,200
"844",250,0.5,"ASE","Graph 2",0.06556,0.00353188377711886,3.30567079293252,0.0194796039980383,200
"845",250,0.5,"Omni","Graph 1",0,0,9.81447463127164,0.0343601020301012,200
"846",250,0.5,"Omni","Graph 2",0.00062,0.000123914381204712,6.52385165051308,0.0228660049964865,200
"847",250,0.5,"Omnibar","Graph 1",0,0,8.98731179548605,0.0298323722683668,200
"848",250,0.5,"Omnibar","Graph 2",0,0,8.98731179548605,0.0298323722683668,200
"849",250,0.6,"Abar","Graph 1",4e-05,2.82131157353719e-05,7.95117662193014,0.0270153085558842,200
"850",250,0.6,"Abar","Graph 2",4e-05,2.82131157353719e-05,7.95117662193014,0.0270153085558842,200
"851",250,0.6,"ASE","Graph 1",0,0,9.03780556087256,0.0293026283717636,200
"852",250,0.6,"ASE","Graph 2",0.22146,0.0074864394660878,2.22978298525171,0.0237455367716029,200
"853",250,0.6,"Omni","Graph 1",0,0,9.47916071504549,0.0306500890174491,200
"854",250,0.6,"Omni","Graph 2",0.00214,0.000217574569900383,5.81384841657861,0.0206681177271812,200
"855",250,0.6,"Omnibar","Graph 1",2e-05,2e-05,8.39208697526799,0.0281474678747964,200
"856",250,0.6,"Omnibar","Graph 2",2e-05,2e-05,8.39208697526799,0.0281474678747964,200
"857",250,0.7,"Abar","Graph 1",2e-04,6.17988307121335e-05,7.24565676347513,0.0259290642289585,200
"858",250,0.7,"Abar","Graph 2",2e-04,6.17988307121335e-05,7.24565676347513,0.0259290642289585,200
"859",250,0.7,"ASE","Graph 1",0,0,9.04523558389885,0.0305111808669506,200
"860",250,0.7,"ASE","Graph 2",0.39104,0.00561643245911844,1.02230256708023,0.0306233867083435,200
"861",250,0.7,"Omni","Graph 1",0,0,9.24561513721566,0.0312176679528168,200
"862",250,0.7,"Omni","Graph 2",0.00612,0.000373934667660531,5.11567743053518,0.0181861061367058,200
"863",250,0.7,"Omnibar","Graph 1",4e-05,2.82131157353719e-05,7.85563599876026,0.0271404343153821,200
"864",250,0.7,"Omnibar","Graph 2",4e-05,2.82131157353719e-05,7.85563599876026,0.0271404343153821,200
"865",250,0.8,"Abar","Graph 1",0.00072,0.000116083491007215,6.50888721194468,0.0247862106783538,200
"866",250,0.8,"Abar","Graph 2",0.00072,0.000116083491007215,6.50888721194468,0.0247862106783538,200
"867",250,0.8,"ASE","Graph 1",0,0,9.07388601537154,0.033861047575246,200
"868",250,0.8,"ASE","Graph 2",0.4565,0.0026962751153188,0.377991035577721,0.0162955132172557,200
"869",250,0.8,"Omni","Graph 1",0,0,8.96444507113951,0.0337725621686599,200
"870",250,0.8,"Omni","Graph 2",0.01348,0.000548591618436789,4.48404749283999,0.016517095159623,200
"871",250,0.8,"Omnibar","Graph 1",0.00018,5.87815990077639e-05,7.30747444315423,0.0273631367275169,200
"872",250,0.8,"Omnibar","Graph 2",0.00018,5.87815990077639e-05,7.30747444315423,0.0273631367275169,200
"873",250,0.9,"Abar","Graph 1",0.00208,0.000210211666478381,5.87840902845859,0.0242975163195236,200
"874",250,0.9,"Abar","Graph 2",0.00208,0.000210211666478381,5.87840902845859,0.0242975163195236,200
"875",250,0.9,"ASE","Graph 1",0,0,9.07191882074595,0.030522927810105,200
"876",250,0.9,"ASE","Graph 2",0.47168,0.00148759966517175,0.211747867752054,0.00825421074148778,200
"877",250,0.9,"Omni","Graph 1",0,0,8.77418474790057,0.0318270865074267,200
"878",250,0.9,"Omni","Graph 2",0.03024,0.00159789811688975,3.95485275844673,0.0162073825559258,200
"879",250,0.9,"Omnibar","Graph 1",0.00026,6.99030196830153e-05,6.90871459733834,0.0266504550547231,200
"880",250,0.9,"Omnibar","Graph 2",0.00026,6.99030196830153e-05,6.90871459733834,0.0266504550547231,200
