"","network_size","t","iter.no","Omni","MASE","JE","MRDPG"
"1",100,0,1,0.09,0.09,0.02,0.06
"2",100,0,2,0.03,0.41,0.01,0.03
"3",100,0,3,0.03,0.18,0.33,0.03
"4",100,0,4,0.1,0.3,0.02,0.11
"5",100,0,5,0.21,0.18,0.38,0.02
"6",100,0,6,0.04,0.13,0.02,0.04
"7",100,0,7,0.05,0.28,0.04,0.05
"8",100,0,8,0.09,0.13,0.05,0.1
"9",100,0,9,0.25,0.31,0.47,0.26
"10",100,0,10,0.09,0.25,0.07,0.09
"11",100,0,11,0.13,0.25,0.34,0.13
"12",100,0,12,0.16,0.3,0.36,0.06
"13",100,0,13,0.02,0.14,0.31,0.02
"14",100,0,14,0.03,0.02,0.48,0.02
"15",100,0,15,0.05,0.14,0.04,0.06
"16",100,0,16,0.17,0.12,0.04,0.07
"17",100,0,17,0.1,0.34,0.3,0.09
"18",100,0,18,0.06,0.32,0.01,0.03
"19",100,0,19,0.04,0.28,0.28,0.04
"20",100,0,20,0.05,0.27,0.33,0.03
"21",100,0,21,0.27,0.39,0.08,0.14
"22",100,0,22,0.01,0.05,0.02,0.02
"23",100,0,23,0,0.18,0,0
"24",100,0,24,0.07,0.2,0.42,0.08
"25",100,0,25,0.08,0.23,0.35,0.07
"26",100,0,26,0.02,0.05,0,0.03
"27",100,0,27,0.03,0.26,0.03,0.04
"28",100,0,28,0.16,0.17,0.41,0.07
"29",100,0,29,0.24,0.27,0.41,0.12
"30",100,0,30,0.03,0.05,0.03,0.03
"31",100,0,31,0.03,0.13,0.3,0.12
"32",100,0,32,0,0.02,0,0
"33",100,0,33,0.07,0.23,0.02,0.06
"34",100,0,34,0.03,0.18,0.06,0.03
"35",100,0,35,0.02,0.16,0,0
"36",100,0,36,0.12,0.28,0.32,0.12
"37",100,0,37,0.02,0.07,0.02,0.02
"38",100,0,38,0.12,0.24,0.3,0.04
"39",100,0,39,0.03,0.18,0.02,0.03
"40",100,0,40,0.07,0.19,0.01,0.01
"41",100,0,41,0.04,0.36,0.3,0.04
"42",100,0,42,0.04,0.27,0.01,0.04
"43",100,0,43,0.1,0.3,0.07,0.09
"44",100,0,44,0.09,0.41,0.48,0.09
"45",100,0,45,0,0.24,0.01,0
"46",100,0,46,0.02,0.15,0.02,0.02
"47",100,0,47,0.01,0.19,0.01,0.02
"48",100,0,48,0.02,0.24,0.03,0.03
"49",100,0,49,0.02,0.11,0.01,0.02
"50",100,0,50,0.01,0.07,0,0.02
"51",100,0.0526315789473684,1,0.04,0.08,0.05,0.04
"52",100,0.0526315789473684,2,0,0.22,0,0
"53",100,0.0526315789473684,3,0.03,0.3,0.03,0.03
"54",100,0.0526315789473684,4,0.02,0.33,0.43,0.02
"55",100,0.0526315789473684,5,0.05,0.25,0.08,0.05
"56",100,0.0526315789473684,6,0.01,0.25,0.01,0.01
"57",100,0.0526315789473684,7,0.18,0.21,0.05,0.05
"58",100,0.0526315789473684,8,0.03,0.08,0.01,0.02
"59",100,0.0526315789473684,9,0.08,0.13,0.06,0.08
"60",100,0.0526315789473684,10,0.03,0.26,0.05,0.03
"61",100,0.0526315789473684,11,0.06,0.22,0.34,0.07
"62",100,0.0526315789473684,12,0.42,0.24,0.46,0.03
"63",100,0.0526315789473684,13,0.08,0.32,0.28,0.07
"64",100,0.0526315789473684,14,0.09,0.2,0.45,0.09
"65",100,0.0526315789473684,15,0.03,0.37,0.02,0.1
"66",100,0.0526315789473684,16,0.02,0.23,0.03,0.03
"67",100,0.0526315789473684,17,0.11,0.31,0.09,0.18
"68",100,0.0526315789473684,18,0.04,0.39,0.01,0.04
"69",100,0.0526315789473684,19,0.15,0.31,0.03,0.03
"70",100,0.0526315789473684,20,0.03,0.04,0.05,0.04
"71",100,0.0526315789473684,21,0,0.12,0,0
"72",100,0.0526315789473684,22,0.06,0.08,0.08,0.07
"73",100,0.0526315789473684,23,0.03,0.36,0.47,0.03
"74",100,0.0526315789473684,24,0.01,0.07,0,0.01
"75",100,0.0526315789473684,25,0.03,0.21,0.02,0.03
"76",100,0.0526315789473684,26,0.03,0.23,0.48,0.02
"77",100,0.0526315789473684,27,0.1,0.2,0.26,0.05
"78",100,0.0526315789473684,28,0.11,0.11,0.06,0.11
"79",100,0.0526315789473684,29,0,0.2,0,0
"80",100,0.0526315789473684,30,0.02,0.16,0.04,0.02
"81",100,0.0526315789473684,31,0.02,0.24,0,0.02
"82",100,0.0526315789473684,32,0.08,0.19,0.26,0.08
"83",100,0.0526315789473684,33,0.04,0.14,0.02,0.02
"84",100,0.0526315789473684,34,0.05,0.26,0.06,0.08
"85",100,0.0526315789473684,35,0.26,0.14,0.42,0.14
"86",100,0.0526315789473684,36,0.14,0.21,0.04,0.14
"87",100,0.0526315789473684,37,0.03,0.12,0.02,0.03
"88",100,0.0526315789473684,38,0.01,0.23,0.02,0.01
"89",100,0.0526315789473684,39,0.1,0.14,0.3,0.11
"90",100,0.0526315789473684,40,0.22,0.29,0.37,0.21
"91",100,0.0526315789473684,41,0.03,0.07,0.04,0.03
"92",100,0.0526315789473684,42,0.03,0.28,0.02,0.04
"93",100,0.0526315789473684,43,0.05,0.21,0.02,0.05
"94",100,0.0526315789473684,44,0.22,0.24,0.4,0.3
"95",100,0.0526315789473684,45,0,0.21,0.03,0.03
"96",100,0.0526315789473684,46,0.05,0.22,0.05,0.07
"97",100,0.0526315789473684,47,0.11,0.3,0.35,0.14
"98",100,0.0526315789473684,48,0,0.1,0,0
"99",100,0.0526315789473684,49,0.05,0.15,0.06,0.03
"100",100,0.0526315789473684,50,0.16,0.28,0.43,0.16
"101",100,0.105263157894737,1,0.05,0.25,0.31,0.04
"102",100,0.105263157894737,2,0.04,0.23,0.04,0.04
"103",100,0.105263157894737,3,0.28,0.21,0.29,0.06
"104",100,0.105263157894737,4,0.1,0.43,0.41,0.1
"105",100,0.105263157894737,5,0.12,0.25,0.09,0.12
"106",100,0.105263157894737,6,0.13,0.25,0.34,0.17
"107",100,0.105263157894737,7,0.21,0.31,0.29,0.12
"108",100,0.105263157894737,8,0.01,0.2,0.03,0.01
"109",100,0.105263157894737,9,0.11,0.2,0.05,0
"110",100,0.105263157894737,10,0.01,0.2,0.31,0.01
"111",100,0.105263157894737,11,0.22,0.34,0.33,0.12
"112",100,0.105263157894737,12,0.06,0.3,0.32,0.07
"113",100,0.105263157894737,13,0.05,0.11,0.02,0.06
"114",100,0.105263157894737,14,0.01,0.1,0.02,0.01
"115",100,0.105263157894737,15,0.11,0.28,0.31,0.03
"116",100,0.105263157894737,16,0.05,0.21,0.33,0.05
"117",100,0.105263157894737,17,0.04,0.15,0.27,0.22
"118",100,0.105263157894737,18,0.23,0.27,0.33,0.1
"119",100,0.105263157894737,19,0.05,0.18,0.02,0.06
"120",100,0.105263157894737,20,0.07,0.25,0.05,0.07
"121",100,0.105263157894737,21,0.04,0.25,0.45,0.06
"122",100,0.105263157894737,22,0.02,0.11,0.01,0.06
"123",100,0.105263157894737,23,0.19,0.15,0.05,0.2
"124",100,0.105263157894737,24,0.08,0.28,0.06,0.32
"125",100,0.105263157894737,25,0.07,0.3,0.03,0.07
"126",100,0.105263157894737,26,0.07,0.29,0.34,0.07
"127",100,0.105263157894737,27,0.09,0.21,0.29,0.09
"128",100,0.105263157894737,28,0.05,0.28,0.3,0.02
"129",100,0.105263157894737,29,0.08,0.29,0.46,0.08
"130",100,0.105263157894737,30,0.03,0.07,0.03,0.03
"131",100,0.105263157894737,31,0.03,0.32,0.05,0.08
"132",100,0.105263157894737,32,0.06,0.32,0.07,0.05
"133",100,0.105263157894737,33,0.2,0.22,0.09,0.07
"134",100,0.105263157894737,34,0.02,0.06,0.02,0.03
"135",100,0.105263157894737,35,0.28,0.12,0.38,0.28
"136",100,0.105263157894737,36,0.04,0.21,0.05,0.04
"137",100,0.105263157894737,37,0.06,0.18,0.09,0.05
"138",100,0.105263157894737,38,0.07,0.2,0.05,0.05
"139",100,0.105263157894737,39,0.1,0.31,0.33,0.11
"140",100,0.105263157894737,40,0.02,0.11,0.05,0.03
"141",100,0.105263157894737,41,0.05,0.15,0.06,0.04
"142",100,0.105263157894737,42,0.33,0.4,0.46,0.39
"143",100,0.105263157894737,43,0.17,0.14,0.45,0.05
"144",100,0.105263157894737,44,0.15,0.34,0.28,0.13
"145",100,0.105263157894737,45,0.07,0.29,0.07,0.06
"146",100,0.105263157894737,46,0.08,0.32,0.02,0.06
"147",100,0.105263157894737,47,0.04,0.27,0.03,0.06
"148",100,0.105263157894737,48,0.29,0.24,0.06,0.12
"149",100,0.105263157894737,49,0.04,0.25,0.01,0.04
"150",100,0.105263157894737,50,0.06,0.14,0.01,0.04
"151",100,0.157894736842105,1,0.08,0.15,0.05,0.04
"152",100,0.157894736842105,2,0.14,0.38,0.03,0.1
"153",100,0.157894736842105,3,0.02,0.22,0.06,0.02
"154",100,0.157894736842105,4,0.29,0.3,0.3,0.3
"155",100,0.157894736842105,5,0.06,0.08,0.06,0.07
"156",100,0.157894736842105,6,0.25,0.2,0.07,0.05
"157",100,0.157894736842105,7,0.11,0.32,0.33,0.1
"158",100,0.157894736842105,8,0.03,0.27,0.02,0.05
"159",100,0.157894736842105,9,0.02,0.3,0.02,0.02
"160",100,0.157894736842105,10,0.04,0.11,0.42,0.05
"161",100,0.157894736842105,11,0.08,0.14,0.03,0.06
"162",100,0.157894736842105,12,0.08,0.18,0.05,0.06
"163",100,0.157894736842105,13,0.09,0.18,0.05,0.12
"164",100,0.157894736842105,14,0.11,0.39,0.08,0.07
"165",100,0.157894736842105,15,0.07,0.25,0.3,0.07
"166",100,0.157894736842105,16,0.09,0.32,0,0.01
"167",100,0.157894736842105,17,0.14,0.44,0.09,0.15
"168",100,0.157894736842105,18,0.09,0.29,0.08,0.24
"169",100,0.157894736842105,19,0.14,0.27,0.46,0.11
"170",100,0.157894736842105,20,0.12,0.29,0.06,0.09
"171",100,0.157894736842105,21,0.02,0.36,0.04,0.04
"172",100,0.157894736842105,22,0.18,0.3,0.44,0.17
"173",100,0.157894736842105,23,0.18,0.32,0.34,0.24
"174",100,0.157894736842105,24,0.12,0.3,0.44,0.05
"175",100,0.157894736842105,25,0.02,0.2,0.41,0.02
"176",100,0.157894736842105,26,0.04,0.11,0.09,0.04
"177",100,0.157894736842105,27,0.06,0.22,0.07,0.07
"178",100,0.157894736842105,28,0.13,0.23,0.16,0.14
"179",100,0.157894736842105,29,0.33,0.33,0.32,0.32
"180",100,0.157894736842105,30,0.02,0.06,0.02,0.02
"181",100,0.157894736842105,31,0.12,0.18,0.29,0.12
"182",100,0.157894736842105,32,0.06,0.28,0.07,0.08
"183",100,0.157894736842105,33,0.06,0.2,0.1,0.23
"184",100,0.157894736842105,34,0.03,0.21,0.02,0.03
"185",100,0.157894736842105,35,0.11,0.19,0.06,0.07
"186",100,0.157894736842105,36,0.08,0.38,0.06,0.08
"187",100,0.157894736842105,37,0.03,0.38,0.01,0.03
"188",100,0.157894736842105,38,0.02,0.28,0.03,0.03
"189",100,0.157894736842105,39,0.03,0.14,0.06,0.03
"190",100,0.157894736842105,40,0.03,0.33,0.02,0.02
"191",100,0.157894736842105,41,0.28,0.42,0.32,0.26
"192",100,0.157894736842105,42,0.09,0.23,0.08,0.11
"193",100,0.157894736842105,43,0.02,0.11,0.46,0.02
"194",100,0.157894736842105,44,0.02,0.25,0.01,0.03
"195",100,0.157894736842105,45,0.09,0.32,0.02,0.03
"196",100,0.157894736842105,46,0.15,0.06,0.3,0.09
"197",100,0.157894736842105,47,0.1,0.16,0.31,0.11
"198",100,0.157894736842105,48,0.09,0.31,0.3,0.07
"199",100,0.157894736842105,49,0.1,0.25,0.04,0.04
"200",100,0.157894736842105,50,0.17,0.26,0.33,0.13
"201",100,0.210526315789474,1,0.05,0.3,0.06,0.05
"202",100,0.210526315789474,2,0.03,0.19,0.01,0.03
"203",100,0.210526315789474,3,0.06,0.16,0.06,0.05
"204",100,0.210526315789474,4,0.04,0.27,0.33,0.04
"205",100,0.210526315789474,5,0.08,0.26,0.32,0.1
"206",100,0.210526315789474,6,0.11,0.32,0.06,0.1
"207",100,0.210526315789474,7,0.27,0.22,0.3,0.14
"208",100,0.210526315789474,8,0.16,0.3,0.03,0.09
"209",100,0.210526315789474,9,0.32,0.26,0.32,0.16
"210",100,0.210526315789474,10,0.18,0.23,0.3,0.11
"211",100,0.210526315789474,11,0.14,0.23,0.31,0.2
"212",100,0.210526315789474,12,0.16,0.18,0.08,0.13
"213",100,0.210526315789474,13,0.08,0.16,0.08,0.09
"214",100,0.210526315789474,14,0.09,0.18,0.44,0.09
"215",100,0.210526315789474,15,0.1,0.47,0.32,0.11
"216",100,0.210526315789474,16,0.1,0.14,0.3,0.09
"217",100,0.210526315789474,17,0.03,0.13,0.04,0.03
"218",100,0.210526315789474,18,0.06,0.05,0.04,0.06
"219",100,0.210526315789474,19,0.07,0.34,0.28,0.07
"220",100,0.210526315789474,20,0.06,0.21,0.47,0.06
"221",100,0.210526315789474,21,0.06,0.18,0.05,0.07
"222",100,0.210526315789474,22,0.2,0.25,0.36,0.07
"223",100,0.210526315789474,23,0.24,0.27,0.29,0.25
"224",100,0.210526315789474,24,0.14,0.2,0.04,0.07
"225",100,0.210526315789474,25,0.13,0.22,0.41,0.15
"226",100,0.210526315789474,26,0.07,0.22,0.31,0.07
"227",100,0.210526315789474,27,0.02,0.25,0.31,0.03
"228",100,0.210526315789474,28,0.04,0.27,0.03,0.03
"229",100,0.210526315789474,29,0.06,0.32,0.38,0.07
"230",100,0.210526315789474,30,0.01,0.06,0.02,0
"231",100,0.210526315789474,31,0.04,0.25,0.33,0.04
"232",100,0.210526315789474,32,0.14,0.27,0.44,0.14
"233",100,0.210526315789474,33,0.04,0.07,0.06,0.04
"234",100,0.210526315789474,34,0.11,0.21,0.33,0.12
"235",100,0.210526315789474,35,0.12,0.3,0.11,0.17
"236",100,0.210526315789474,36,0.04,0.06,0.05,0.05
"237",100,0.210526315789474,37,0.21,0.23,0.13,0.13
"238",100,0.210526315789474,38,0.21,0.34,0.32,0.14
"239",100,0.210526315789474,39,0.03,0.11,0.07,0.14
"240",100,0.210526315789474,40,0.1,0.25,0.27,0.1
"241",100,0.210526315789474,41,0.06,0.21,0.03,0.06
"242",100,0.210526315789474,42,0.19,0.29,0.08,0.19
"243",100,0.210526315789474,43,0.12,0.17,0.05,0.06
"244",100,0.210526315789474,44,0.08,0.23,0.07,0.08
"245",100,0.210526315789474,45,0.03,0.25,0.31,0.03
"246",100,0.210526315789474,46,0.22,0.29,0.31,0.1
"247",100,0.210526315789474,47,0.1,0.21,0.28,0.1
"248",100,0.210526315789474,48,0.02,0.14,0.24,0.03
"249",100,0.210526315789474,49,0.07,0.22,0.06,0.05
"250",100,0.210526315789474,50,0.1,0.2,0.3,0.07
"251",100,0.263157894736842,1,0.22,0.24,0.39,0.22
"252",100,0.263157894736842,2,0.07,0.24,0.27,0.05
"253",100,0.263157894736842,3,0.17,0.16,0.39,0.16
"254",100,0.263157894736842,4,0.05,0.27,0.28,0.03
"255",100,0.263157894736842,5,0.03,0.09,0.31,0.04
"256",100,0.263157894736842,6,0.09,0.17,0.06,0.07
"257",100,0.263157894736842,7,0.09,0.12,0.04,0.08
"258",100,0.263157894736842,8,0.07,0.17,0.29,0.07
"259",100,0.263157894736842,9,0.05,0.19,0.04,0.08
"260",100,0.263157894736842,10,0.05,0.37,0.05,0.05
"261",100,0.263157894736842,11,0.09,0.18,0.03,0.09
"262",100,0.263157894736842,12,0.09,0.27,0.08,0.06
"263",100,0.263157894736842,13,0.1,0.28,0.3,0.1
"264",100,0.263157894736842,14,0.06,0.34,0.32,0.06
"265",100,0.263157894736842,15,0.05,0.31,0.31,0.05
"266",100,0.263157894736842,16,0.04,0.12,0.01,0.05
"267",100,0.263157894736842,17,0.02,0.34,0.03,0.02
"268",100,0.263157894736842,18,0.16,0.17,0.32,0.08
"269",100,0.263157894736842,19,0.02,0.29,0.02,0.02
"270",100,0.263157894736842,20,0.11,0.36,0.03,0.06
"271",100,0.263157894736842,21,0.02,0.26,0.03,0.03
"272",100,0.263157894736842,22,0.04,0.2,0.03,0.06
"273",100,0.263157894736842,23,0.05,0.36,0.06,0.06
"274",100,0.263157894736842,24,0.11,0.35,0.37,0.1
"275",100,0.263157894736842,25,0.32,0.26,0.37,0.31
"276",100,0.263157894736842,26,0.06,0.25,0.29,0.07
"277",100,0.263157894736842,27,0.17,0.23,0.04,0.18
"278",100,0.263157894736842,28,0.1,0.26,0.36,0.1
"279",100,0.263157894736842,29,0.14,0.26,0.05,0.04
"280",100,0.263157894736842,30,0.03,0.16,0.03,0.04
"281",100,0.263157894736842,31,0.12,0.23,0.41,0.09
"282",100,0.263157894736842,32,0.12,0.31,0.04,0.07
"283",100,0.263157894736842,33,0.15,0.25,0.4,0.14
"284",100,0.263157894736842,34,0.11,0.29,0.32,0.11
"285",100,0.263157894736842,35,0.17,0.23,0.33,0.17
"286",100,0.263157894736842,36,0.17,0.31,0.03,0.16
"287",100,0.263157894736842,37,0.31,0.2,0.4,0.2
"288",100,0.263157894736842,38,0.2,0.3,0.34,0.25
"289",100,0.263157894736842,39,0.23,0.23,0.08,0.12
"290",100,0.263157894736842,40,0.06,0.3,0.33,0.04
"291",100,0.263157894736842,41,0.18,0.15,0.06,0.06
"292",100,0.263157894736842,42,0.38,0.41,0.34,0.23
"293",100,0.263157894736842,43,0.08,0.46,0.05,0.08
"294",100,0.263157894736842,44,0.07,0.33,0.32,0.07
"295",100,0.263157894736842,45,0.11,0.45,0.06,0.08
"296",100,0.263157894736842,46,0.22,0.23,0.43,0.06
"297",100,0.263157894736842,47,0.1,0.27,0.08,0.09
"298",100,0.263157894736842,48,0.04,0.16,0.34,0.02
"299",100,0.263157894736842,49,0.02,0.2,0.02,0.03
"300",100,0.263157894736842,50,0.14,0.29,0.31,0.08
"301",100,0.315789473684211,1,0.16,0.18,0.06,0.07
"302",100,0.315789473684211,2,0.07,0.2,0.02,0.05
"303",100,0.315789473684211,3,0.06,0.32,0.14,0.07
"304",100,0.315789473684211,4,0.09,0.21,0.46,0.07
"305",100,0.315789473684211,5,0.23,0.3,0.3,0.08
"306",100,0.315789473684211,6,0.27,0.32,0.35,0.21
"307",100,0.315789473684211,7,0.07,0.26,0.06,0.05
"308",100,0.315789473684211,8,0.18,0.25,0.38,0.31
"309",100,0.315789473684211,9,0.24,0.26,0.27,0.25
"310",100,0.315789473684211,10,0.06,0.29,0.33,0.07
"311",100,0.315789473684211,11,0.17,0.33,0.34,0.17
"312",100,0.315789473684211,12,0.25,0.29,0.33,0.26
"313",100,0.315789473684211,13,0.06,0.29,0.32,0.06
"314",100,0.315789473684211,14,0.13,0.29,0.28,0.13
"315",100,0.315789473684211,15,0.11,0.24,0.42,0.16
"316",100,0.315789473684211,16,0.05,0.22,0.43,0.11
"317",100,0.315789473684211,17,0.1,0.34,0.32,0.1
"318",100,0.315789473684211,18,0.13,0.3,0.33,0.12
"319",100,0.315789473684211,19,0.29,0.27,0.37,0.18
"320",100,0.315789473684211,20,0.06,0.18,0.3,0.21
"321",100,0.315789473684211,21,0.09,0.3,0.31,0.1
"322",100,0.315789473684211,22,0.09,0.3,0.05,0.07
"323",100,0.315789473684211,23,0.04,0.39,0.34,0.04
"324",100,0.315789473684211,24,0.23,0.37,0.1,0.19
"325",100,0.315789473684211,25,0.32,0.35,0.3,0.08
"326",100,0.315789473684211,26,0.12,0.28,0.36,0.17
"327",100,0.315789473684211,27,0.09,0.27,0.08,0.09
"328",100,0.315789473684211,28,0.08,0.18,0.02,0.06
"329",100,0.315789473684211,29,0.04,0.12,0.34,0.05
"330",100,0.315789473684211,30,0.17,0.22,0.31,0.28
"331",100,0.315789473684211,31,0.08,0.25,0.33,0.07
"332",100,0.315789473684211,32,0.08,0.19,0.09,0.1
"333",100,0.315789473684211,33,0.13,0.3,0.37,0.17
"334",100,0.315789473684211,34,0.05,0.2,0.04,0.03
"335",100,0.315789473684211,35,0.04,0.34,0.33,0.12
"336",100,0.315789473684211,36,0.3,0.22,0.13,0.12
"337",100,0.315789473684211,37,0.04,0.19,0.05,0.04
"338",100,0.315789473684211,38,0.11,0.38,0.07,0.06
"339",100,0.315789473684211,39,0.33,0.24,0.33,0.32
"340",100,0.315789473684211,40,0.22,0.26,0.35,0.1
"341",100,0.315789473684211,41,0.25,0.3,0.33,0.14
"342",100,0.315789473684211,42,0.14,0.27,0.32,0.14
"343",100,0.315789473684211,43,0.04,0.37,0.34,0.05
"344",100,0.315789473684211,44,0.11,0.27,0.09,0.11
"345",100,0.315789473684211,45,0.15,0.29,0.4,0.15
"346",100,0.315789473684211,46,0.13,0.18,0.33,0.13
"347",100,0.315789473684211,47,0.1,0.16,0.32,0.1
"348",100,0.315789473684211,48,0.11,0.17,0.35,0.12
"349",100,0.315789473684211,49,0.07,0.32,0.4,0.05
"350",100,0.315789473684211,50,0.05,0.23,0.31,0.07
"351",100,0.368421052631579,1,0.23,0.31,0.42,0.07
"352",100,0.368421052631579,2,0.08,0.09,0.3,0.09
"353",100,0.368421052631579,3,0.21,0.27,0.45,0.19
"354",100,0.368421052631579,4,0.08,0.22,0.31,0.08
"355",100,0.368421052631579,5,0.26,0.31,0.4,0.25
"356",100,0.368421052631579,6,0.32,0.3,0.33,0.26
"357",100,0.368421052631579,7,0.03,0.19,0.04,0.03
"358",100,0.368421052631579,8,0.11,0.19,0.31,0.11
"359",100,0.368421052631579,9,0.01,0.21,0.04,0.19
"360",100,0.368421052631579,10,0.3,0.35,0.37,0.29
"361",100,0.368421052631579,11,0.19,0.2,0.11,0.12
"362",100,0.368421052631579,12,0.18,0.22,0.32,0.18
"363",100,0.368421052631579,13,0.13,0.27,0.09,0.22
"364",100,0.368421052631579,14,0.18,0.25,0.33,0.19
"365",100,0.368421052631579,15,0.09,0.2,0.35,0.09
"366",100,0.368421052631579,16,0.07,0.11,0.05,0.04
"367",100,0.368421052631579,17,0.06,0.3,0.3,0.05
"368",100,0.368421052631579,18,0.32,0.18,0.32,0.12
"369",100,0.368421052631579,19,0.06,0.34,0.04,0.07
"370",100,0.368421052631579,20,0.25,0.35,0.38,0.11
"371",100,0.368421052631579,21,0.02,0.14,0.03,0.01
"372",100,0.368421052631579,22,0.08,0.38,0.36,0.06
"373",100,0.368421052631579,23,0.07,0.33,0.05,0.07
"374",100,0.368421052631579,24,0.08,0.19,0.3,0.07
"375",100,0.368421052631579,25,0.26,0.37,0.34,0.13
"376",100,0.368421052631579,26,0.07,0.34,0.08,0.07
"377",100,0.368421052631579,27,0.17,0.22,0.16,0.15
"378",100,0.368421052631579,28,0.06,0.34,0.05,0.06
"379",100,0.368421052631579,29,0.06,0.34,0.35,0.06
"380",100,0.368421052631579,30,0.17,0.37,0.07,0.22
"381",100,0.368421052631579,31,0.24,0.15,0.35,0.23
"382",100,0.368421052631579,32,0.02,0.23,0.02,0.03
"383",100,0.368421052631579,33,0.06,0.22,0.38,0.06
"384",100,0.368421052631579,34,0.03,0.15,0.43,0.06
"385",100,0.368421052631579,35,0.09,0.34,0.31,0.08
"386",100,0.368421052631579,36,0.23,0.32,0.34,0.23
"387",100,0.368421052631579,37,0.07,0.18,0.05,0.09
"388",100,0.368421052631579,38,0.3,0.36,0.33,0.34
"389",100,0.368421052631579,39,0.04,0.18,0.06,0.07
"390",100,0.368421052631579,40,0.26,0.35,0.43,0.26
"391",100,0.368421052631579,41,0.23,0.36,0.28,0.16
"392",100,0.368421052631579,42,0.17,0.23,0.3,0.14
"393",100,0.368421052631579,43,0.08,0.2,0.07,0.08
"394",100,0.368421052631579,44,0.14,0.16,0.09,0.18
"395",100,0.368421052631579,45,0.06,0.28,0.34,0.08
"396",100,0.368421052631579,46,0.07,0.21,0.33,0.07
"397",100,0.368421052631579,47,0.19,0.29,0.09,0.13
"398",100,0.368421052631579,48,0.27,0.26,0.35,0.21
"399",100,0.368421052631579,49,0.29,0.37,0.34,0.25
"400",100,0.368421052631579,50,0.04,0.25,0.02,0.04
"401",100,0.421052631578947,1,0.17,0.3,0.33,0.2
"402",100,0.421052631578947,2,0.28,0.33,0.35,0.34
"403",100,0.421052631578947,3,0.23,0.26,0.34,0.2
"404",100,0.421052631578947,4,0.26,0.31,0.32,0.42
"405",100,0.421052631578947,5,0.3,0.19,0.13,0.15
"406",100,0.421052631578947,6,0.1,0.28,0.31,0.1
"407",100,0.421052631578947,7,0.29,0.28,0.06,0.13
"408",100,0.421052631578947,8,0.13,0.29,0.46,0.14
"409",100,0.421052631578947,9,0.02,0.25,0.04,0.02
"410",100,0.421052631578947,10,0.05,0.26,0.06,0.02
"411",100,0.421052631578947,11,0.14,0.13,0.35,0.14
"412",100,0.421052631578947,12,0.27,0.28,0.33,0.13
"413",100,0.421052631578947,13,0.04,0.24,0.02,0.16
"414",100,0.421052631578947,14,0.21,0.29,0.3,0.2
"415",100,0.421052631578947,15,0.12,0.25,0.08,0.13
"416",100,0.421052631578947,16,0.07,0.22,0.34,0.07
"417",100,0.421052631578947,17,0.17,0.27,0.3,0.18
"418",100,0.421052631578947,18,0.08,0.31,0.33,0.07
"419",100,0.421052631578947,19,0.12,0.32,0.32,0.2
"420",100,0.473684210526316,1,0.12,0.28,0.18,0.13
"421",100,0.473684210526316,2,0.23,0.31,0.44,0.12
"422",100,0.473684210526316,3,0.11,0.19,0.43,0.05
"423",100,0.473684210526316,4,0.13,0.14,0.04,0.15
"424",100,0.473684210526316,5,0.32,0.34,0.41,0.33
"425",100,0.473684210526316,6,0.15,0.2,0.38,0.14
"426",100,0.473684210526316,7,0.13,0.3,0.32,0.17
"427",100,0.473684210526316,8,0.22,0.26,0.39,0.2
"428",100,0.473684210526316,9,0.27,0.29,0.44,0.17
"429",100,0.473684210526316,10,0.12,0.36,0.1,0.14
"430",100,0.473684210526316,11,0.33,0.27,0.35,0.33
"431",100,0.473684210526316,12,0.26,0.23,0.46,0.26
"432",100,0.473684210526316,13,0.08,0.25,0.07,0.09
"433",100,0.473684210526316,14,0.24,0.18,0.42,0.2
"434",100,0.473684210526316,15,0.16,0.49,0.41,0.35
"435",100,0.473684210526316,16,0.11,0.16,0.29,0.11
"436",100,0.473684210526316,17,0.2,0.34,0.49,0.17
"437",100,0.473684210526316,18,0.25,0.31,0.44,0.14
"438",100,0.473684210526316,19,0.18,0.34,0.32,0.16
"439",100,0.473684210526316,20,0.24,0.31,0.28,0.24
"440",100,0.473684210526316,21,0.08,0.29,0.46,0.08
"441",100,0.473684210526316,22,0.27,0.3,0.45,0.1
"442",100,0.473684210526316,23,0.23,0.27,0.32,0.14
"443",100,0.473684210526316,24,0.16,0.31,0.32,0.15
"444",100,0.473684210526316,25,0.13,0.25,0.07,0.13
"445",100,0.473684210526316,26,0.13,0.23,0.34,0.12
"446",100,0.473684210526316,27,0.05,0.19,0.33,0.06
"447",100,0.473684210526316,28,0.28,0.36,0.37,0.28
"448",100,0.473684210526316,29,0.03,0.3,0.04,0.04
"449",100,0.473684210526316,30,0.19,0.14,0.5,0.23
"450",100,0.473684210526316,31,0.16,0.48,0.37,0.18
"451",100,0.473684210526316,32,0.2,0.29,0.37,0.14
"452",100,0.473684210526316,33,0.3,0.25,0.33,0.25
"453",100,0.473684210526316,34,0.07,0.22,0.29,0.05
"454",100,0.473684210526316,35,0.17,0.32,0.33,0.13
"455",100,0.473684210526316,36,0.23,0.27,0.29,0.24
"456",100,0.473684210526316,37,0.28,0.22,0.41,0.08
"457",100,0.473684210526316,38,0.21,0.39,0.45,0.27
"458",100,0.473684210526316,39,0.15,0.34,0.42,0.15
"459",100,0.473684210526316,40,0.07,0.28,0.32,0.09
"460",100,0.473684210526316,41,0.17,0.24,0.33,0.2
"461",100,0.473684210526316,42,0.25,0.52,0.06,0.06
"462",100,0.473684210526316,43,0.02,0.23,0.41,0.02
"463",100,0.473684210526316,44,0.1,0.31,0.33,0.1
"464",100,0.473684210526316,45,0.1,0.18,0.29,0.12
"465",100,0.473684210526316,46,0.16,0.17,0.36,0.17
"466",100,0.473684210526316,47,0.18,0.23,0.44,0.2
"467",100,0.473684210526316,48,0.08,0.45,0.34,0.19
"468",100,0.473684210526316,49,0.07,0.2,0.34,0.1
"469",100,0.473684210526316,50,0.01,0.36,0.02,0.01
"470",100,0.526315789473684,1,0.28,0.29,0.36,0.24
"471",100,0.526315789473684,2,0.07,0.21,0.37,0.07
"472",100,0.526315789473684,3,0.19,0.3,0.37,0.09
"473",100,0.526315789473684,4,0.15,0.22,0.37,0.15
"474",100,0.526315789473684,5,0.14,0.41,0.36,0.14
"475",100,0.526315789473684,6,0.18,0.16,0.06,0.19
"476",100,0.526315789473684,7,0.05,0.12,0.04,0.07
"477",100,0.526315789473684,8,0.03,0.18,0.32,0.03
"478",100,0.526315789473684,9,0.13,0.18,0.36,0.13
"479",100,0.526315789473684,10,0.15,0.25,0.35,0.25
"480",100,0.526315789473684,11,0.22,0.25,0.31,0.22
"481",100,0.526315789473684,12,0.41,0.28,0.33,0.19
"482",100,0.526315789473684,13,0.31,0.3,0.29,0.29
"483",100,0.526315789473684,14,0.14,0.44,0.47,0.14
"484",100,0.526315789473684,15,0.25,0.33,0.38,0.35
"485",100,0.526315789473684,16,0.14,0.37,0.06,0.15
"486",100,0.526315789473684,17,0.22,0.22,0.32,0.22
"487",100,0.526315789473684,18,0.22,0.35,0.31,0.11
"488",100,0.526315789473684,19,0.09,0.28,0.33,0.09
"489",100,0.526315789473684,20,0.07,0.3,0.37,0.09
"490",100,0.526315789473684,21,0.43,0.49,0.46,0.36
"491",100,0.526315789473684,22,0.22,0.47,0.32,0.18
"492",100,0.526315789473684,23,0.07,0.21,0.03,0.07
"493",100,0.526315789473684,24,0.22,0.32,0.32,0.17
"494",100,0.526315789473684,25,0.18,0.45,0.29,0.27
"495",100,0.526315789473684,26,0.14,0.35,0.41,0.21
"496",100,0.526315789473684,27,0.31,0.31,0.41,0.25
"497",100,0.526315789473684,28,0.14,0.22,0.48,0.12
"498",100,0.526315789473684,29,0.18,0.25,0.1,0.2
"499",100,0.526315789473684,30,0.27,0.29,0.4,0.23
"500",100,0.526315789473684,31,0.26,0.33,0.31,0.26
"501",100,0.526315789473684,32,0.29,0.38,0.36,0.18
"502",100,0.526315789473684,33,0.14,0.37,0.33,0.15
"503",100,0.526315789473684,34,0.21,0.18,0.33,0.23
"504",100,0.526315789473684,35,0.18,0.34,0.39,0.16
"505",100,0.526315789473684,36,0.09,0.33,0.47,0.09
"506",100,0.578947368421053,1,0.3,0.37,0.34,0.14
"507",100,0.578947368421053,2,0.28,0.27,0.29,0.3
"508",100,0.578947368421053,3,0.11,0.17,0.11,0.11
"509",100,0.578947368421053,4,0.29,0.32,0.3,0.26
"510",100,0.578947368421053,5,0.2,0.37,0.15,0.26
"511",100,0.578947368421053,6,0.12,0.29,0.3,0.1
"512",100,0.578947368421053,7,0.3,0.32,0.31,0.25
"513",100,0.578947368421053,8,0.31,0.33,0.35,0.33
"514",100,0.578947368421053,9,0.15,0.37,0.39,0.2
"515",100,0.578947368421053,10,0.2,0.39,0.33,0.22
"516",100,0.578947368421053,11,0.26,0.24,0.35,0.11
"517",100,0.578947368421053,12,0.29,0.45,0.33,0.17
"518",100,0.578947368421053,13,0.17,0.5,0.46,0.27
"519",100,0.578947368421053,14,0.31,0.34,0.46,0.29
"520",100,0.578947368421053,15,0.13,0.44,0.36,0.17
"521",100,0.578947368421053,16,0.1,0.43,0.34,0.04
"522",100,0.578947368421053,17,0.09,0.18,0.04,0.09
"523",100,0.578947368421053,18,0.21,0.35,0.35,0.17
"524",100,0.578947368421053,19,0.16,0.17,0.34,0.11
"525",100,0.578947368421053,20,0.17,0.25,0.07,0.07
"526",100,0.578947368421053,21,0.09,0.34,0.11,0.08
"527",100,0.578947368421053,22,0.24,0.26,0.33,0.23
"528",100,0.578947368421053,23,0.1,0.34,0.36,0.09
"529",100,0.578947368421053,24,0.28,0.29,0.33,0.26
"530",100,0.578947368421053,25,0.12,0.31,0.06,0.12
"531",100,0.578947368421053,26,0.27,0.19,0.35,0.2
"532",100,0.578947368421053,27,0.25,0.27,0.49,0.4
"533",100,0.578947368421053,28,0.36,0.24,0.43,0.08
"534",100,0.578947368421053,29,0.43,0.29,0.37,0.28
"535",100,0.578947368421053,30,0.23,0.16,0.28,0.16
"536",100,0.578947368421053,31,0.23,0.27,0.36,0.21
"537",100,0.578947368421053,32,0.12,0.28,0.44,0.16
"538",100,0.578947368421053,33,0.21,0.09,0.29,0.1
"539",100,0.578947368421053,34,0.11,0.17,0.09,0.1
"540",100,0.578947368421053,35,0.21,0.22,0.41,0.23
"541",100,0.578947368421053,36,0.12,0.36,0.31,0.1
"542",100,0.578947368421053,37,0.16,0.31,0.33,0.17
"543",100,0.578947368421053,38,0.07,0.09,0.28,0.16
"544",100,0.578947368421053,39,0.15,0.26,0.31,0.13
"545",100,0.578947368421053,40,0.17,0.31,0.34,0.18
"546",100,0.578947368421053,41,0.39,0.29,0.3,0.28
"547",100,0.578947368421053,42,0.13,0.3,0.34,0.11
"548",100,0.578947368421053,43,0.23,0.22,0.31,0.22
"549",100,0.578947368421053,44,0.1,0.29,0.32,0.09
"550",100,0.578947368421053,45,0.36,0.31,0.35,0.34
"551",100,0.578947368421053,46,0.32,0.28,0.3,0.13
"552",100,0.578947368421053,47,0.2,0.31,0.32,0.21
"553",100,0.578947368421053,48,0.18,0.27,0.47,0.14
"554",100,0.578947368421053,49,0.29,0.29,0.47,0.21
"555",100,0.578947368421053,50,0.06,0.26,0.34,0.07
"556",100,0.631578947368421,1,0.19,0.36,0.35,0.12
"557",100,0.684210526315789,1,0.25,0.37,0.36,0.2
"558",100,0.684210526315789,2,0.22,0.23,0.44,0.12
"559",100,0.684210526315789,3,0.25,0.3,0.37,0.2
"560",100,0.684210526315789,4,0.19,0.24,0.3,0.31
"561",100,0.684210526315789,5,0.22,0.3,0.44,0.24
"562",100,0.684210526315789,6,0.21,0.18,0.33,0.11
"563",100,0.684210526315789,7,0.17,0.2,0.35,0.16
"564",100,0.684210526315789,8,0.31,0.27,0.36,0.15
"565",100,0.684210526315789,9,0.41,0.25,0.34,0.33
"566",100,0.684210526315789,10,0.14,0.36,0.35,0.17
"567",100,0.684210526315789,11,0.31,0.24,0.33,0.16
"568",100,0.684210526315789,12,0.11,0.17,0.05,0.11
"569",100,0.684210526315789,13,0.29,0.32,0.33,0.29
"570",100,0.684210526315789,14,0.36,0.33,0.33,0.16
"571",100,0.684210526315789,15,0.27,0.31,0.13,0.34
"572",100,0.684210526315789,16,0.24,0.25,0.34,0.23
"573",100,0.684210526315789,17,0.13,0.45,0.34,0.17
"574",100,0.684210526315789,18,0.23,0.43,0.4,0.08
"575",100,0.684210526315789,19,0.11,0.32,0.47,0.26
"576",100,0.684210526315789,20,0.16,0.3,0.3,0.19
"577",100,0.684210526315789,21,0.48,0.32,0.37,0.21
"578",100,0.684210526315789,22,0.18,0.63,0.38,0.23
"579",100,0.684210526315789,23,0.36,0.2,0.45,0.22
"580",100,0.684210526315789,24,0.05,0.48,0.27,0.13
"581",100,0.684210526315789,25,0.25,0.39,0.41,0.24
"582",100,0.684210526315789,26,0.19,0.43,0.3,0.19
"583",100,0.684210526315789,27,0.32,0.32,0.49,0.34
"584",100,0.684210526315789,28,0.19,0.16,0.33,0.21
"585",100,0.684210526315789,29,0.22,0.31,0.31,0.25
"586",100,0.736842105263158,1,0.19,0.24,0.47,0.18
"587",100,0.736842105263158,2,0.31,0.25,0.31,0.44
"588",100,0.736842105263158,3,0.37,0.25,0.32,0.27
"589",100,0.736842105263158,4,0.05,0.1,0.01,0.05
"590",100,0.736842105263158,5,0.3,0.29,0.29,0.32
"591",100,0.736842105263158,6,0.27,0.2,0.47,0.13
"592",100,0.736842105263158,7,0.3,0.46,0.34,0.28
"593",100,0.736842105263158,8,0.38,0.32,0.32,0.32
"594",100,0.736842105263158,9,0.27,0.25,0.48,0.27
"595",100,0.736842105263158,10,0.29,0.46,0.3,0.26
"596",100,0.736842105263158,11,0.35,0.25,0.34,0.25
"597",100,0.736842105263158,12,0.26,0.21,0.34,0.26
"598",100,0.736842105263158,13,0.33,0.28,0.32,0.22
"599",100,0.736842105263158,14,0.31,0.43,0.31,0.17
"600",100,0.736842105263158,15,0.27,0.44,0.33,0.34
"601",100,0.736842105263158,16,0.36,0.39,0.32,0.26
"602",100,0.736842105263158,17,0.14,0.37,0.33,0.15
"603",100,0.736842105263158,18,0.22,0.18,0.33,0.18
"604",100,0.736842105263158,19,0.48,0.16,0.36,0.32
"605",100,0.736842105263158,20,0.23,0.26,0.42,0.24
"606",100,0.736842105263158,21,0.25,0.43,0.34,0.24
"607",100,0.736842105263158,22,0.13,0.14,0.33,0.14
"608",100,0.736842105263158,23,0.36,0.29,0.31,0.3
"609",100,0.736842105263158,24,0.35,0.28,0.36,0.35
"610",100,0.736842105263158,25,0.32,0.28,0.31,0.46
"611",100,0.736842105263158,26,0.17,0.26,0.14,0.18
"612",100,0.736842105263158,27,0.18,0.37,0.37,0.24
"613",100,0.736842105263158,28,0.21,0.35,0.35,0.29
"614",100,0.736842105263158,29,0.2,0.3,0.47,0.2
"615",100,0.736842105263158,30,0.37,0.4,0.34,0.33
"616",100,0.736842105263158,31,0.13,0.31,0.32,0.13
"617",100,0.736842105263158,32,0.15,0.31,0.36,0.29
"618",100,0.736842105263158,33,0.23,0.23,0.29,0.27
"619",100,0.736842105263158,34,0.2,0.35,0.03,0.25
"620",100,0.736842105263158,35,0.19,0.25,0.37,0.16
"621",100,0.736842105263158,36,0.16,0.35,0.34,0.29
"622",100,0.736842105263158,37,0.3,0.32,0.35,0.3
"623",100,0.736842105263158,38,0.17,0.32,0.36,0.16
"624",100,0.736842105263158,39,0.18,0.18,0.33,0.3
"625",100,0.736842105263158,40,0.44,0.37,0.41,0.37
"626",100,0.736842105263158,41,0.33,0.28,0.36,0.28
"627",100,0.736842105263158,42,0.22,0.41,0.3,0.15
"628",100,0.736842105263158,43,0.29,0.38,0.33,0.21
"629",100,0.736842105263158,44,0.18,0.32,0.26,0.18
"630",100,0.736842105263158,45,0.29,0.34,0.32,0.3
"631",100,0.736842105263158,46,0.32,0.33,0.32,0.29
"632",100,0.736842105263158,47,0.2,0.33,0.43,0.24
"633",100,0.736842105263158,48,0.32,0.29,0.44,0.28
"634",100,0.736842105263158,49,0.23,0.35,0.31,0.12
"635",100,0.736842105263158,50,0.2,0.3,0.37,0.38
"636",100,0.789473684210526,1,0.33,0.26,0.33,0.11
"637",100,0.789473684210526,2,0.05,0.39,0.02,0.05
"638",100,0.789473684210526,3,0.29,0.34,0.32,0.26
"639",100,0.789473684210526,4,0.13,0.34,0.37,0.13
"640",100,0.789473684210526,5,0.34,0.37,0.33,0.33
"641",100,0.789473684210526,6,0.38,0.21,0.34,0.22
"642",100,0.789473684210526,7,0.33,0.33,0.38,0.3
"643",100,0.789473684210526,8,0.28,0.45,0.33,0.3
"644",100,0.789473684210526,9,0.26,0.29,0.35,0.11
"645",100,0.789473684210526,10,0.18,0.27,0.35,0.17
"646",100,0.789473684210526,11,0.29,0.34,0.4,0.25
"647",100,0.789473684210526,12,0.21,0.33,0.36,0.23
"648",100,0.789473684210526,13,0.2,0.27,0.3,0.18
"649",100,0.789473684210526,14,0.32,0.29,0.33,0.22
"650",100,0.789473684210526,15,0.22,0.18,0.31,0.23
"651",100,0.789473684210526,16,0.26,0.18,0.47,0.26
"652",100,0.789473684210526,17,0.2,0.33,0.48,0.13
"653",100,0.789473684210526,18,0.29,0.54,0.31,0.32
"654",100,0.789473684210526,19,0.26,0.29,0.42,0.28
"655",100,0.789473684210526,20,0.32,0.39,0.31,0.21
"656",100,0.789473684210526,21,0.12,0.22,0.32,0.11
"657",100,0.789473684210526,22,0.14,0.3,0.33,0.12
"658",100,0.789473684210526,23,0.3,0.37,0.31,0.23
"659",100,0.789473684210526,24,0.27,0.36,0.35,0.23
"660",100,0.789473684210526,25,0.37,0.2,0.42,0.26
"661",100,0.789473684210526,26,0.2,0.34,0.33,0.24
"662",100,0.789473684210526,27,0.51,0.51,0.45,0.25
"663",100,0.789473684210526,28,0.24,0.32,0.34,0.17
"664",100,0.789473684210526,29,0.31,0.33,0.35,0.21
"665",100,0.789473684210526,30,0.32,0.4,0.39,0.32
"666",100,0.789473684210526,31,0.27,0.33,0.27,0.26
"667",100,0.789473684210526,32,0.24,0.22,0.43,0.25
"668",100,0.789473684210526,33,0.41,0.4,0.46,0.23
"669",100,0.789473684210526,34,0.48,0.52,0.3,0.19
"670",100,0.789473684210526,35,0.33,0.35,0.32,0.32
"671",100,0.789473684210526,36,0.21,0.28,0.36,0.2
"672",100,0.789473684210526,37,0.22,0.41,0.44,0.24
"673",100,0.789473684210526,38,0.14,0.16,0.4,0.11
"674",100,0.789473684210526,39,0.33,0.17,0.33,0.25
"675",100,0.789473684210526,40,0.37,0.38,0.37,0.34
"676",100,0.789473684210526,41,0.3,0.25,0.37,0.29
"677",100,0.789473684210526,42,0.22,0.35,0.39,0.23
"678",100,0.789473684210526,43,0.32,0.35,0.3,0.26
"679",100,0.789473684210526,44,0.25,0.36,0.34,0.15
"680",100,0.789473684210526,45,0.12,0.3,0.3,0.13
"681",100,0.789473684210526,46,0.14,0.31,0.36,0.17
"682",100,0.789473684210526,47,0.24,0.4,0.35,0.28
"683",100,0.789473684210526,48,0.27,0.45,0.3,0.27
"684",100,0.789473684210526,49,0.16,0.39,0.42,0.17
"685",100,0.789473684210526,50,0.28,0.26,0.33,0.21
"686",100,0.842105263157895,1,0.23,0.35,0.33,0.23
"687",100,0.842105263157895,2,0.46,0.3,0.37,0.3
"688",100,0.842105263157895,3,0.21,0.15,0.4,0.21
"689",100,0.842105263157895,4,0.34,0.27,0.46,0.41
"690",100,0.842105263157895,5,0.3,0.3,0.36,0.28
"691",100,0.842105263157895,6,0.32,0.27,0.41,0.17
"692",100,0.842105263157895,7,0.36,0.36,0.36,0.2
"693",100,0.842105263157895,8,0.28,0.23,0.27,0.29
"694",100,0.842105263157895,9,0.42,0.44,0.31,0.31
"695",100,0.842105263157895,10,0.23,0.27,0.43,0.25
"696",100,0.842105263157895,11,0.29,0.43,0.31,0.14
"697",100,0.842105263157895,12,0.3,0.42,0.37,0.28
"698",100,0.842105263157895,13,0.29,0.35,0.39,0.41
"699",100,0.842105263157895,14,0.38,0.38,0.34,0.38
"700",100,0.842105263157895,15,0.34,0.41,0.36,0.32
"701",100,0.842105263157895,16,0.3,0.36,0.36,0.28
"702",100,0.842105263157895,17,0.3,0.28,0.32,0.3
"703",100,0.842105263157895,18,0.3,0.33,0.39,0.31
"704",100,0.842105263157895,19,0.28,0.27,0.45,0.27
"705",100,0.842105263157895,20,0.27,0.22,0.28,0.26
"706",100,0.842105263157895,21,0.25,0.38,0.29,0.22
"707",100,0.842105263157895,22,0.2,0.19,0.35,0.27
"708",100,0.842105263157895,23,0.32,0.41,0.31,0.22
"709",100,0.842105263157895,24,0.32,0.32,0.37,0.4
"710",100,0.842105263157895,25,0.23,0.23,0.33,0.26
"711",100,0.842105263157895,26,0.23,0.44,0.48,0.18
"712",100,0.842105263157895,27,0.19,0.45,0.28,0.21
"713",100,0.842105263157895,28,0.32,0.32,0.31,0.42
"714",100,0.842105263157895,29,0.26,0.28,0.35,0.26
"715",100,0.842105263157895,30,0.29,0.28,0.34,0.29
"716",100,0.842105263157895,31,0.18,0.26,0.36,0.4
"717",100,0.842105263157895,32,0.16,0.28,0.36,0.15
"718",100,0.842105263157895,33,0.26,0.26,0.31,0.25
"719",100,0.842105263157895,34,0.21,0.26,0.31,0.26
"720",100,0.842105263157895,35,0.37,0.31,0.29,0.32
"721",100,0.842105263157895,36,0.22,0.41,0.38,0.25
"722",100,0.842105263157895,37,0.34,0.29,0.38,0.26
"723",100,0.842105263157895,38,0.32,0.48,0.35,0.15
"724",100,0.842105263157895,39,0.22,0.4,0.36,0.38
"725",100,0.842105263157895,40,0.3,0.36,0.41,0.33
"726",100,0.842105263157895,41,0.29,0.33,0.34,0.34
"727",100,0.842105263157895,42,0.15,0.24,0.3,0.17
"728",100,0.842105263157895,43,0.34,0.31,0.31,0.26
"729",100,0.842105263157895,44,0.29,0.39,0.35,0.24
"730",100,0.842105263157895,45,0.33,0.55,0.36,0.29
"731",100,0.842105263157895,46,0.24,0.3,0.35,0.18
"732",100,0.842105263157895,47,0.33,0.33,0.42,0.29
"733",100,0.842105263157895,48,0.29,0.39,0.34,0.28
"734",100,0.842105263157895,49,0.26,0.38,0.33,0.28
"735",100,0.842105263157895,50,0.31,0.23,0.45,0.28
"736",100,0.894736842105263,1,0.41,0.28,0.37,0.42
"737",100,0.894736842105263,2,0.15,0.19,0.36,0.29
"738",100,0.894736842105263,3,0.28,0.36,0.32,0.34
"739",100,0.894736842105263,4,0.37,0.38,0.33,0.28
"740",100,0.894736842105263,5,0.29,0.29,0.38,0.2
"741",100,0.894736842105263,6,0.43,0.4,0.37,0.39
"742",100,0.894736842105263,7,0.23,0.25,0.35,0.24
"743",100,0.894736842105263,8,0.37,0.33,0.3,0.18
"744",100,0.894736842105263,9,0.29,0.26,0.4,0.33
"745",100,0.894736842105263,10,0.27,0.28,0.35,0.26
"746",100,0.894736842105263,11,0.26,0.32,0.33,0.33
"747",100,0.894736842105263,12,0.2,0.28,0.27,0.3
"748",100,0.894736842105263,13,0.35,0.34,0.31,0.35
"749",100,0.894736842105263,14,0.35,0.37,0.36,0.35
"750",100,0.894736842105263,15,0.44,0.37,0.36,0.42
"751",100,0.894736842105263,16,0.35,0.35,0.34,0.35
"752",100,0.894736842105263,17,0.3,0.34,0.45,0.11
"753",100,0.894736842105263,18,0.31,0.34,0.4,0.22
"754",100,0.894736842105263,19,0.23,0.27,0.46,0.29
"755",100,0.894736842105263,20,0.41,0.33,0.3,0.27
"756",100,0.894736842105263,21,0.23,0.29,0.44,0.23
"757",100,0.894736842105263,22,0.34,0.27,0.3,0.34
"758",100,0.894736842105263,23,0.33,0.32,0.36,0.26
"759",100,0.894736842105263,24,0.28,0.37,0.37,0.26
"760",100,0.894736842105263,25,0.29,0.17,0.34,0.33
"761",100,0.894736842105263,26,0.3,0.3,0.44,0.25
"762",100,0.894736842105263,27,0.44,0.33,0.4,0.28
"763",100,0.894736842105263,28,0.2,0.48,0.29,0.22
"764",100,0.894736842105263,29,0.25,0.19,0.33,0.31
"765",100,0.894736842105263,30,0.28,0.31,0.41,0.24
"766",100,0.894736842105263,31,0.26,0.3,0.33,0.34
"767",100,0.894736842105263,32,0.2,0.26,0.36,0.17
"768",100,0.894736842105263,33,0.3,0.27,0.37,0.43
"769",100,0.894736842105263,34,0.41,0.47,0.31,0.21
"770",100,0.894736842105263,35,0.22,0.32,0.29,0.21
"771",100,0.894736842105263,36,0.25,0.28,0.42,0.12
"772",100,0.894736842105263,37,0.3,0.21,0.44,0.28
"773",100,0.894736842105263,38,0.31,0.39,0.35,0.46
"774",100,0.894736842105263,39,0.38,0.38,0.37,0.3
"775",100,0.894736842105263,40,0.26,0.28,0.35,0.3
"776",100,0.894736842105263,41,0.3,0.19,0.3,0.26
"777",100,0.894736842105263,42,0.25,0.31,0.3,0.34
"778",100,0.894736842105263,43,0.32,0.19,0.31,0.26
"779",100,0.894736842105263,44,0.3,0.28,0.47,0.25
"780",100,0.894736842105263,45,0.28,0.4,0.44,0.27
"781",100,0.894736842105263,46,0.37,0.3,0.37,0.35
"782",100,0.894736842105263,47,0.22,0.44,0.37,0.22
"783",100,0.894736842105263,48,0.35,0.32,0.32,0.35
"784",100,0.894736842105263,49,0.26,0.32,0.32,0.3
"785",100,0.894736842105263,50,0.28,0.35,0.39,0.44
"786",100,0.947368421052632,1,0.2,0.37,0.31,0.2
"787",100,0.947368421052632,2,0.2,0.16,0.35,0.17
"788",100,0.947368421052632,3,0.31,0.36,0.47,0.24
"789",100,0.947368421052632,4,0.22,0.35,0.25,0.31
"790",100,0.947368421052632,5,0.64,0.31,0.29,0.35
"791",100,0.947368421052632,6,0.32,0.48,0.32,0.26
"792",100,0.947368421052632,7,0.12,0.43,0.3,0.12
"793",100,0.947368421052632,8,0.11,0.29,0.31,0.09
"794",100,0.947368421052632,9,0.38,0.34,0.4,0.36
"795",100,0.947368421052632,10,0.21,0.35,0.36,0.24
"796",100,0.947368421052632,11,0.32,0.37,0.34,0.27
"797",100,0.947368421052632,12,0.44,0.23,0.39,0.43
"798",100,0.947368421052632,13,0.35,0.41,0.33,0.34
"799",100,0.947368421052632,14,0.33,0.39,0.3,0.29
"800",100,0.947368421052632,15,0.47,0.51,0.39,0.35
"801",100,0.947368421052632,16,0.13,0.36,0.28,0.27
"802",100,0.947368421052632,17,0.34,0.34,0.28,0.28
"803",100,0.947368421052632,18,0.26,0.27,0.37,0.28
"804",100,0.947368421052632,19,0.47,0.28,0.34,0.45
"805",100,0.947368421052632,20,0.34,0.37,0.32,0.31
"806",100,0.947368421052632,21,0.15,0.25,0.34,0.16
"807",100,0.947368421052632,22,0.31,0.4,0.33,0.28
"808",100,0.947368421052632,23,0.29,0.47,0.31,0.26
"809",100,0.947368421052632,24,0.42,0.28,0.07,0.19
"810",100,0.947368421052632,25,0.44,0.46,0.38,0.4
"811",100,0.947368421052632,26,0.32,0.27,0.34,0.32
"812",100,0.947368421052632,27,0.36,0.34,0.31,0.27
"813",100,0.947368421052632,28,0.28,0.4,0.35,0.28
"814",100,0.947368421052632,29,0.25,0.33,0.43,0.26
"815",100,0.947368421052632,30,0.24,0.27,0.34,0.25
"816",100,0.947368421052632,31,0.24,0.26,0.38,0.28
"817",100,0.947368421052632,32,0.32,0.35,0.31,0.25
"818",100,0.947368421052632,33,0.37,0.22,0.32,0.29
"819",100,0.947368421052632,34,0.19,0.32,0.63,0.32
"820",100,0.947368421052632,35,0.21,0.29,0.4,0.3
"821",100,0.947368421052632,36,0.37,0.33,0.34,0.34
"822",100,0.947368421052632,37,0.22,0.26,0.35,0.22
"823",100,0.947368421052632,38,0.22,0.19,0.38,0.24
"824",100,0.947368421052632,39,0.36,0.35,0.36,0.32
"825",100,0.947368421052632,40,0.23,0.33,0.29,0.33
"826",100,0.947368421052632,41,0.37,0.3,0.33,0.26
"827",100,0.947368421052632,42,0.18,0.15,0.31,0.2
"828",100,0.947368421052632,43,0.44,0.33,0.33,0.41
"829",100,0.947368421052632,44,0.35,0.4,0.39,0.32
"830",100,0.947368421052632,45,0.3,0.26,0.3,0.29
"831",100,0.947368421052632,46,0.33,0.26,0.28,0.36
"832",100,0.947368421052632,47,0.26,0.18,0.24,0.34
"833",100,0.947368421052632,48,0.23,0.3,0.33,0.39
"834",100,0.947368421052632,49,0.32,0.32,0.35,0.37
"835",100,0.947368421052632,50,0.28,0.33,0.36,0.18
"836",100,1,1,0.34,0.34,0.29,0.37
"837",100,1,2,0.28,0.49,0.34,0.32
"838",100,1,3,0.41,0.29,0.29,0.38
"839",100,1,4,0.29,0.23,0.31,0.37
"840",100,1,5,0.36,0.29,0.38,0.36
"841",100,1,6,0.33,0.29,0.36,0.36
"842",100,1,7,0.34,0.35,0.15,0.35
"843",100,1,8,0.36,0.34,0.6,0.3
"844",100,1,9,0.28,0.36,0.34,0.24
"845",100,1,10,0.27,0.35,0.37,0.29
"846",100,1,11,0.25,0.47,0.3,0.27
"847",100,1,12,0.43,0.15,0.36,0.24
"848",100,1,13,0.34,0.29,0.3,0.4
"849",100,1,14,0.17,0.39,0.46,0.15
"850",100,1,15,0.46,0.34,0.27,0.44
"851",100,1,16,0.37,0.33,0.31,0.35
"852",100,1,17,0.29,0.28,0.34,0.24
"853",100,1,18,0.27,0.43,0.6,0.27
"854",100,1,19,0.23,0.36,0.35,0.21
"855",100,1,20,0.43,0.19,0.34,0.32
"856",100,1,21,0.22,0.31,0.05,0.09
"857",100,1,22,0.28,0.3,0.4,0.34
"858",100,1,23,0.46,0.42,0.36,0.44
"859",100,1,24,0.31,0.32,0.43,0.35
"860",100,1,25,0.35,0.31,0.33,0.21
"861",100,1,26,0.35,0.29,0.3,0.32
"862",100,1,27,0.32,0.42,0.35,0.33
"863",100,1,28,0.16,0.23,0.42,0.16
"864",100,1,29,0.39,0.32,0.3,0.33
"865",100,1,30,0.36,0.38,0.58,0.37
"866",100,1,31,0.39,0.27,0.41,0.33
"867",100,1,32,0.28,0.39,0.33,0.38
"868",100,1,33,0.3,0.31,0.31,0.3
"869",100,1,34,0.26,0.37,0.36,0.28
"870",100,1,35,0.34,0.41,0.34,0.26
"871",100,1,36,0.31,0.29,0.31,0.3
"872",100,1,37,0.25,0.26,0.33,0.3
"873",100,1,38,0.17,0.26,0.36,0.16
"874",100,1,39,0.32,0.25,0.33,0.27
"875",100,1,40,0.37,0.24,0.33,0.36
"876",100,1,41,0.18,0.35,0.39,0.17
"877",100,1,42,0.41,0.26,0.32,0.37
"878",100,1,43,0.23,0.43,0.35,0.23
"879",100,1,44,0.36,0.45,0.25,0.29
"880",100,1,45,0.33,0.29,0.36,0.26
"881",100,1,46,0.35,0.33,0.42,0.32
"882",100,1,47,0.26,0.24,0.27,0.29
"883",100,1,48,0.19,0.34,0.36,0.44
"884",100,1,49,0.22,0.22,0.42,0.2
"885",100,1,50,0.29,0.4,0.29,0.39
"886",NA,NA,NA,NA,NA,NA,NA
"887",NA,NA,NA,NA,NA,NA,NA
"888",NA,NA,NA,NA,NA,NA,NA
"889",NA,NA,NA,NA,NA,NA,NA
"890",NA,NA,NA,NA,NA,NA,NA
"891",NA,NA,NA,NA,NA,NA,NA
"892",NA,NA,NA,NA,NA,NA,NA
"893",NA,NA,NA,NA,NA,NA,NA
"894",NA,NA,NA,NA,NA,NA,NA
"895",NA,NA,NA,NA,NA,NA,NA
"896",NA,NA,NA,NA,NA,NA,NA
"897",NA,NA,NA,NA,NA,NA,NA
"898",NA,NA,NA,NA,NA,NA,NA
"899",NA,NA,NA,NA,NA,NA,NA
"900",NA,NA,NA,NA,NA,NA,NA
"901",NA,NA,NA,NA,NA,NA,NA
"902",NA,NA,NA,NA,NA,NA,NA
"903",NA,NA,NA,NA,NA,NA,NA
"904",NA,NA,NA,NA,NA,NA,NA
"905",NA,NA,NA,NA,NA,NA,NA
"906",NA,NA,NA,NA,NA,NA,NA
"907",NA,NA,NA,NA,NA,NA,NA
"908",NA,NA,NA,NA,NA,NA,NA
"909",NA,NA,NA,NA,NA,NA,NA
"910",NA,NA,NA,NA,NA,NA,NA
"911",NA,NA,NA,NA,NA,NA,NA
"912",NA,NA,NA,NA,NA,NA,NA
"913",NA,NA,NA,NA,NA,NA,NA
"914",NA,NA,NA,NA,NA,NA,NA
"915",NA,NA,NA,NA,NA,NA,NA
"916",NA,NA,NA,NA,NA,NA,NA
"917",NA,NA,NA,NA,NA,NA,NA
"918",NA,NA,NA,NA,NA,NA,NA
"919",NA,NA,NA,NA,NA,NA,NA
"920",NA,NA,NA,NA,NA,NA,NA
"921",NA,NA,NA,NA,NA,NA,NA
"922",NA,NA,NA,NA,NA,NA,NA
"923",NA,NA,NA,NA,NA,NA,NA
"924",NA,NA,NA,NA,NA,NA,NA
"925",NA,NA,NA,NA,NA,NA,NA
"926",NA,NA,NA,NA,NA,NA,NA
"927",NA,NA,NA,NA,NA,NA,NA
"928",NA,NA,NA,NA,NA,NA,NA
"929",NA,NA,NA,NA,NA,NA,NA
"930",NA,NA,NA,NA,NA,NA,NA
"931",NA,NA,NA,NA,NA,NA,NA
"932",NA,NA,NA,NA,NA,NA,NA
"933",NA,NA,NA,NA,NA,NA,NA
"934",NA,NA,NA,NA,NA,NA,NA
"935",NA,NA,NA,NA,NA,NA,NA
"936",NA,NA,NA,NA,NA,NA,NA
"937",NA,NA,NA,NA,NA,NA,NA
"938",NA,NA,NA,NA,NA,NA,NA
"939",NA,NA,NA,NA,NA,NA,NA
"940",NA,NA,NA,NA,NA,NA,NA
"941",NA,NA,NA,NA,NA,NA,NA
"942",NA,NA,NA,NA,NA,NA,NA
"943",NA,NA,NA,NA,NA,NA,NA
"944",NA,NA,NA,NA,NA,NA,NA
"945",NA,NA,NA,NA,NA,NA,NA
"946",NA,NA,NA,NA,NA,NA,NA
"947",NA,NA,NA,NA,NA,NA,NA
"948",NA,NA,NA,NA,NA,NA,NA
"949",NA,NA,NA,NA,NA,NA,NA
"950",NA,NA,NA,NA,NA,NA,NA
"951",NA,NA,NA,NA,NA,NA,NA
"952",NA,NA,NA,NA,NA,NA,NA
"953",NA,NA,NA,NA,NA,NA,NA
"954",NA,NA,NA,NA,NA,NA,NA
"955",NA,NA,NA,NA,NA,NA,NA
"956",NA,NA,NA,NA,NA,NA,NA
"957",NA,NA,NA,NA,NA,NA,NA
"958",NA,NA,NA,NA,NA,NA,NA
"959",NA,NA,NA,NA,NA,NA,NA
"960",NA,NA,NA,NA,NA,NA,NA
"961",NA,NA,NA,NA,NA,NA,NA
"962",NA,NA,NA,NA,NA,NA,NA
"963",NA,NA,NA,NA,NA,NA,NA
"964",NA,NA,NA,NA,NA,NA,NA
"965",NA,NA,NA,NA,NA,NA,NA
"966",NA,NA,NA,NA,NA,NA,NA
"967",NA,NA,NA,NA,NA,NA,NA
"968",NA,NA,NA,NA,NA,NA,NA
"969",NA,NA,NA,NA,NA,NA,NA
"970",NA,NA,NA,NA,NA,NA,NA
"971",NA,NA,NA,NA,NA,NA,NA
"972",NA,NA,NA,NA,NA,NA,NA
"973",NA,NA,NA,NA,NA,NA,NA
"974",NA,NA,NA,NA,NA,NA,NA
"975",NA,NA,NA,NA,NA,NA,NA
"976",NA,NA,NA,NA,NA,NA,NA
"977",NA,NA,NA,NA,NA,NA,NA
"978",NA,NA,NA,NA,NA,NA,NA
"979",NA,NA,NA,NA,NA,NA,NA
"980",NA,NA,NA,NA,NA,NA,NA
"981",NA,NA,NA,NA,NA,NA,NA
"982",NA,NA,NA,NA,NA,NA,NA
"983",NA,NA,NA,NA,NA,NA,NA
"984",NA,NA,NA,NA,NA,NA,NA
"985",NA,NA,NA,NA,NA,NA,NA
"986",NA,NA,NA,NA,NA,NA,NA
"987",NA,NA,NA,NA,NA,NA,NA
"988",NA,NA,NA,NA,NA,NA,NA
"989",NA,NA,NA,NA,NA,NA,NA
"990",NA,NA,NA,NA,NA,NA,NA
"991",NA,NA,NA,NA,NA,NA,NA
"992",NA,NA,NA,NA,NA,NA,NA
"993",NA,NA,NA,NA,NA,NA,NA
"994",NA,NA,NA,NA,NA,NA,NA
"995",NA,NA,NA,NA,NA,NA,NA
"996",NA,NA,NA,NA,NA,NA,NA
"997",NA,NA,NA,NA,NA,NA,NA
"998",NA,NA,NA,NA,NA,NA,NA
"999",NA,NA,NA,NA,NA,NA,NA
"1000",NA,NA,NA,NA,NA,NA,NA
